position,game,console,publisher,developer,vgchart_score,critic_score,user_score,total_shipped,total_sales,na_sales,pal_sales,japan_sales,other_sales,release_date,last_update
1,Mario Kart 8,WiiU,Nintendo  ,Nintendo  ,N/A  ,8.8  ,N/A  ,8.45m,N/A,N/A,N/A,N/A,N/A,30th May 14  ,02nd Aug 20
2,Super Mario 3D World,WiiU,Nintendo  ,Nintendo EAD Tokyo  ,N/A  ,9.5  ,N/A  ,5.86m,N/A,N/A,N/A,N/A,N/A,22nd Nov 13  ,02nd Jan 18
3,New Super Mario Bros. U,WiiU,Nintendo  ,Nintendo EAD  ,N/A  ,8.4  ,N/A  ,5.81m,N/A,N/A,N/A,N/A,N/A,18th Nov 12  ,02nd Aug 20
4,Super Smash Bros. for Wii U,WiiU,Nintendo  ,Bandai Namco Games  ,N/A  ,9.2  ,N/A  ,5.38m,N/A,N/A,N/A,N/A,N/A,21st Nov 14  ,12th Apr 18
5,Nintendo Land,WiiU,Nintendo  ,Nintendo  ,N/A  ,7.5  ,N/A  ,5.20m,N/A,N/A,N/A,N/A,N/A,18th Nov 12  ,25th Aug 20
6,Splatoon,WiiU,Nintendo  ,Nintendo EAD  ,N/A  ,8.4  ,N/A  ,4.95m,N/A,N/A,N/A,N/A,N/A,29th May 15  ,03rd Aug 20
7,Super Mario Maker,WiiU,Nintendo  ,Nintendo EAD  ,N/A  ,8.8  ,N/A  ,4.02m,N/A,N/A,N/A,N/A,N/A,11th Sep 15  ,29th Mar 18
8,New Super Luigi U,WiiU,Nintendo  ,Nintendo  ,N/A  ,7.8  ,N/A  ,3.06m,N/A,N/A,N/A,N/A,N/A,25th Aug 13  ,24th Jan 18
9,The Legend of Zelda: The Wind Waker,WiiU,Nintendo  ,Nintendo EAD  ,N/A  ,9.3  ,N/A  ,2.33m,N/A,N/A,N/A,N/A,N/A,04th Oct 13  ,20th Mar 18
10,Mario Party 10,WiiU,Nintendo  ,"Nd Cube Co., Ltd.  ",N/A  ,6.3  ,N/A  ,2.25m,N/A,N/A,N/A,N/A,N/A,20th Mar 15  ,24th Jan 18
11,Donkey Kong Country: Tropical Freeze,WiiU,Nintendo  ,Retro Studios  ,N/A  ,8.8  ,9.1  ,2.01m,N/A,N/A,N/A,N/A,N/A,21st Feb 14  ,22nd Jan 18
12,Wii Party U,WiiU,Nintendo  ,"Nd Cube Co., Ltd.  ",N/A  ,6.6  ,N/A  ,1.78m,N/A,N/A,N/A,N/A,N/A,25th Oct 13  ,19th Nov 18
13,The Legend of Zelda: Breath of the Wild,WiiU,Nintendo  ,Nintendo EPD  ,N/A  ,10.0  ,10.0  ,1.69m,N/A,N/A,N/A,N/A,N/A,03rd Mar 17  ,19th Nov 18
14,Yoshi's Woolly World,WiiU,Nintendo  ,Good-Feel  ,N/A  ,7.4  ,6.0  ,1.56m,N/A,N/A,N/A,N/A,N/A,16th Oct 15  ,03rd Aug 20
15,Minecraft,WiiU,Mojang  ,4J Studios  ,N/A  ,5.5  ,N/A  ,N/A,1.47m,0.50m,0.49m,0.38m,0.09m,17th Jun 16  ,05th Aug 18
16,Captain Toad: Treasure Tracker,WiiU,Nintendo  ,Nintendo EAD Tokyo  ,N/A  ,7.7  ,N/A  ,1.36m,N/A,N/A,N/A,N/A,N/A,05th Dec 14  ,04th Aug 20
17,Pikmin 3,WiiU,Nintendo  ,Nintendo EAD  ,N/A  ,8.7  ,N/A  ,1.27m,N/A,N/A,N/A,N/A,N/A,04th Aug 13  ,05th Aug 20
18,LEGO City Undercover,WiiU,Nintendo  ,TT Fusion  ,N/A  ,7.5  ,N/A  ,1.15m,N/A,N/A,N/A,N/A,N/A,18th Mar 13  ,20th Mar 18
19,The Legend of Zelda: Twilight Princess HD,WiiU,Nintendo  ,Tantalus Interactive  ,N/A  ,8.4  ,N/A  ,1.13m,N/A,N/A,N/A,N/A,N/A,04th Mar 16  ,20th Mar 18
20,Hyrule Warriors,WiiU,Nintendo  ,Omega Force  ,N/A  ,7.4  ,N/A  ,1.00m,N/A,N/A,N/A,N/A,N/A,26th Sep 14  ,04th Aug 20
21,Pokken Tournament,WiiU,Nintendo  ,Namco Bandai Games  ,N/A  ,7.6  ,N/A  ,1.00m,N/A,N/A,N/A,N/A,N/A,18th Mar 16  ,24th Jan 18
22,Paper Mario: Color Splash,WiiU,Nintendo  ,Intelligent Systems  ,N/A  ,7.4  ,6.4  ,N/A,0.87m,0.35m,0.37m,0.08m,0.06m,07th Oct 16  ,31st Mar 18
23,Wii Fit U,WiiU,Nintendo  ,Nintendo  ,N/A  ,7.2  ,N/A  ,N/A,0.86m,0.35m,0.24m,0.21m,0.06m,10th Jan 14  ,27th Jan 18
24,Xenoblade Chronicles X,WiiU,Nintendo  ,Monolith Soft  ,N/A  ,8.1  ,N/A  ,N/A,0.84m,0.34m,0.29m,0.15m,0.06m,04th Dec 15  ,06th Jan 18
25,ZombiU,WiiU,Ubisoft  ,Ubisoft Montpellier  ,N/A  ,6.9  ,N/A  ,N/A,0.84m,0.35m,0.37m,0.05m,0.07m,18th Nov 12  ,02nd Aug 20
26,Mario & Sonic at the Sochi 2014 Olympic Winter Games,WiiU,Nintendo  ,Sega Sports R&D  ,N/A  ,5.9  ,N/A  ,N/A,0.80m,0.37m,0.23m,0.14m,0.06m,15th Nov 13  ,31st Jan 18
27,Lego Marvel Super Heroes,WiiU,Warner Bros. Interactive Entertainment  ,Traveller's Tales  ,N/A  ,N/A  ,N/A  ,N/A,0.76m,0.31m,0.36m,0.03m,0.06m,22nd Oct 13  ,01st Dec 18
28,Skylanders: Trap Team,WiiU,Activision  ,Toys for Bob  ,N/A  ,N/A  ,N/A  ,N/A,0.75m,0.42m,0.26m,N/A,0.07m,05th Oct 14  ,29th Jan 18
29,Just Dance 2015,WiiU,Ubisoft  ,Ubisoft Paris  ,N/A  ,N/A  ,N/A  ,N/A,0.75m,0.40m,0.29m,N/A,0.07m,21st Oct 14  ,03rd Apr 18
30,Monster Hunter 3 Ultimate,WiiU,Capcom  ,Capcom  ,N/A  ,8.7  ,N/A  ,N/A,0.71m,0.24m,0.20m,0.22m,0.04m,19th Mar 13  ,29th Jan 18
31,Disney Infinity 2.0: Marvel Super Heroes,WiiU,Disney Interactive Studios  ,Avalanche Software  ,N/A  ,N/A  ,N/A  ,N/A,0.70m,0.41m,0.22m,N/A,0.06m,23rd Sep 14  ,30th Jan 18
32,Rayman Legends,WiiU,Ubisoft  ,Ubisoft Montpellier  ,N/A  ,9.5  ,N/A  ,N/A,0.68m,0.25m,0.35m,0.03m,0.05m,03rd Sep 13  ,02nd Jan 19
33,Disney Infinity,WiiU,Disney Interactive Studios  ,Avalanche Software  ,N/A  ,7.6  ,N/A  ,N/A,0.67m,0.37m,0.24m,N/A,0.06m,18th Aug 13  ,30th Jan 18
34,The LEGO Movie Videogame,WiiU,Warner Bros. Interactive Entertainment  ,TT Fusion  ,N/A  ,N/A  ,N/A  ,N/A,0.66m,0.33m,0.24m,0.03m,0.05m,07th Feb 14  ,20th Mar 18
35,LEGO Dimensions,WiiU,Warner Bros. Interactive Entertainment  ,Traveller's Tales  ,N/A  ,N/A  ,N/A  ,N/A,0.65m,0.37m,0.22m,N/A,0.06m,27th Sep 15  ,19th Mar 18
36,Just Dance 2014,WiiU,Ubisoft  ,Ubisoft Paris  ,N/A  ,7.5  ,N/A  ,N/A,0.64m,0.34m,0.25m,N/A,0.06m,08th Oct 13  ,08th Mar 18
37,Skylanders SWAP Force,WiiU,Activision  ,Unknown  ,N/A  ,N/A  ,N/A  ,N/A,0.61m,0.39m,0.16m,N/A,0.06m,13th Oct 13  ,20th Mar 18
38,Just Dance 2016,WiiU,Ubisoft  ,Ubisoft Paris  ,N/A  ,N/A  ,N/A  ,N/A,0.60m,0.29m,0.25m,N/A,0.05m,20th Oct 15  ,05th Apr 18
39,Skylanders: SuperChargers,WiiU,Activision  ,Vicarious Visions  ,N/A  ,8.0  ,N/A  ,N/A,0.59m,0.32m,0.22m,N/A,0.05m,20th Sep 15  ,06th Apr 18
40,Kirby and the Rainbow Curse,WiiU,Nintendo  ,HAL Laboratory  ,N/A  ,8.2  ,N/A  ,N/A,0.58m,0.26m,0.14m,0.13m,0.04m,20th Feb 15  ,20th Mar 18
41,LEGO Jurassic World,WiiU,Warner Bros. Interactive Entertainment  ,Traveller's Tales  ,N/A  ,N/A  ,N/A  ,N/A,0.57m,0.29m,0.20m,0.03m,0.05m,12th Jun 15  ,06th Apr 18
42,Disney Infinity 3.0,WiiU,Disney Interactive Studios  ,Avalanche Software  ,N/A  ,N/A  ,N/A  ,N/A,0.55m,0.27m,0.23m,N/A,0.05m,30th Aug 15  ,20th Mar 18
43,Mario Tennis Ultra Smash,WiiU,Nintendo  ,Camelot Software Planning  ,N/A  ,6.1  ,N/A  ,N/A,0.54m,0.16m,0.20m,0.15m,0.03m,20th Nov 15  ,21st Mar 18
44,Sonic & Sega All-Stars Racing Transformed,WiiU,Sega  ,Sumo Digital  ,N/A  ,6.9  ,N/A  ,N/A,0.53m,0.19m,0.28m,0.02m,0.04m,18th Nov 12  ,14th Sep 20
45,FIFA 13,WiiU,EA Sports  ,EA Canada  ,N/A  ,7.0  ,N/A  ,N/A,0.49m,0.18m,0.28m,N/A,0.04m,18th Nov 12  ,06th Apr 18
46,Animal Crossing: Amiibo Festival,WiiU,Nintendo  ,"Nd Cube Co., Ltd.  ",N/A  ,4.8  ,N/A  ,N/A,0.49m,0.23m,0.12m,0.10m,0.04m,13th Nov 15  ,08th Feb 18
47,Mario & Sonic at the Rio 2016 Olympic Games,WiiU,Nintendo  ,Sega Sports R&D  ,N/A  ,N/A  ,N/A  ,N/A,0.49m,0.10m,0.23m,0.13m,0.03m,24th Jun 16  ,05th Apr 18
48,Lego Batman 3: Beyond Gotham,WiiU,Warner Bros. Interactive Entertainment  ,Traveller's Tales  ,N/A  ,7.4  ,N/A  ,N/A,0.45m,0.21m,0.21m,N/A,0.04m,11th Nov 14  ,01st Dec 18
49,Skylanders Imaginators,WiiU,Activision  ,Toys for Bob  ,N/A  ,N/A  ,N/A  ,N/A,0.45m,0.19m,0.22m,N/A,0.04m,16th Oct 16  ,26th Mar 18
50,Star Fox: Zero,WiiU,Nintendo  ,Nintendo EPD  ,N/A  ,6.7  ,N/A  ,N/A,0.44m,0.20m,0.12m,0.09m,0.03m,22nd Apr 16  ,18th Nov 18
51,Just Dance 2017,WiiU,Ubisoft  ,Ubisoft Paris  ,N/A  ,N/A  ,N/A  ,N/A,0.43m,0.19m,0.21m,N/A,0.04m,25th Oct 16  ,06th Apr 18
52,Dragon Quest X,WiiU,Square Enix  ,Square Enix  ,N/A  ,N/A  ,N/A  ,N/A,0.42m,N/A,N/A,0.42m,N/A,30th Mar 13  ,22nd Apr 18
53,Call of Duty: Black Ops II,WiiU,Activision  ,Treyarch  ,N/A  ,8.6  ,N/A  ,N/A,0.42m,0.20m,0.18m,N/A,0.04m,18th Nov 12  ,05th Jan 18
54,Skylanders Giants,WiiU,Activision  ,Unknown  ,N/A  ,N/A  ,N/A  ,N/A,0.39m,0.23m,0.13m,N/A,0.04m,18th Nov 12  ,16th Jan 18
55,Wii Sports Club,WiiU,Nintendo  ,Nintendo  ,N/A  ,6.7  ,N/A  ,N/A,0.38m,0.17m,0.14m,0.04m,0.03m,25th Jul 14  ,14th Mar 18
56,Just Dance 4,WiiU,Ubisoft  ,Ubisoft  ,N/A  ,N/A  ,N/A  ,N/A,0.38m,0.21m,0.14m,N/A,0.03m,18th Nov 12  ,31st Jan 18
57,Scribblenauts: Unlimited,WiiU,Warner Bros. Interactive Entertainment  ,5TH Cell  ,N/A  ,7.0  ,N/A  ,N/A,0.38m,0.25m,0.10m,N/A,0.04m,18th Nov 12  ,02nd Jan 18
58,Batman: Arkham City Armored Edition,WiiU,Warner Bros. Interactive Entertainment  ,Rocksteady Studios  ,N/A  ,8.6  ,N/A  ,N/A,0.37m,0.16m,0.18m,N/A,0.03m,18th Nov 12  ,20th Apr 18
59,Sonic Lost World,WiiU,Sega  ,Sonic Team  ,N/A  ,6.0  ,N/A  ,N/A,0.37m,0.20m,0.13m,0.01m,0.03m,29th Oct 13  ,07th Apr 18
60,ESPN: Sports Connection,WiiU,Ubisoft  ,Ubisoft Barcelona  ,N/A  ,3.0  ,N/A  ,N/A,0.36m,0.20m,0.13m,N/A,0.03m,18th Nov 12  ,14th Sep 20
61,The Wonderful 101,WiiU,Nintendo  ,PlatinumGames  ,N/A  ,8.0  ,N/A  ,N/A,0.36m,0.15m,0.11m,0.08m,0.02m,15th Sep 13  ,14th Mar 18
62,Assassin's Creed III,WiiU,Ubisoft  ,Ubisoft Montreal  ,N/A  ,7.7  ,N/A  ,N/A,0.36m,0.19m,0.14m,N/A,0.03m,18th Nov 12  ,08th Sep 20
63,Call of Duty: Ghosts,WiiU,Activision  ,Infinity Ward  ,N/A  ,8.8  ,N/A  ,N/A,0.35m,0.22m,0.09m,0.01m,0.03m,05th Nov 13  ,21st Mar 18
64,Tokyo Mirage Sessions #FE,WiiU,Nintendo  ,Atlus  ,N/A  ,8.0  ,N/A  ,N/A,0.33m,0.17m,0.06m,0.08m,0.02m,24th Jun 16  ,23rd Jul 20
65,LEGO Marvel's Avengers,WiiU,Warner Bros. Interactive Entertainment  ,Traveller's Tales  ,N/A  ,N/A  ,N/A  ,N/A,0.32m,0.15m,0.14m,0.01m,0.03m,26th Jan 16  ,06th Apr 18
66,Batman: Arkham Origins,WiiU,Warner Bros. Interactive Entertainment  ,Warner Bros. Interactive Entertainment  ,N/A  ,N/A  ,N/A  ,N/A,0.32m,0.19m,0.10m,0.00m,0.03m,25th Oct 13  ,13th Apr 18
67,Sonic Boom: Rise of Lyric,WiiU,Sega  ,Big Red Button  ,N/A  ,3.7  ,N/A  ,N/A,0.31m,0.19m,0.09m,N/A,0.03m,11th Nov 14  ,22nd Mar 18
68,Sing Party,WiiU,Nintendo  ,FreeStyleGames  ,N/A  ,6.8  ,N/A  ,N/A,0.30m,0.15m,0.13m,N/A,0.03m,18th Nov 12  ,08th Sep 20
69,Shovel Knight,WiiU,Yacht Club Games  ,Yacht Club Games  ,N/A  ,9.0  ,N/A  ,0.30m,N/A,N/A,N/A,N/A,N/A,26th Jun 14  ,21st Nov 18
70,Lego Star Wars: The Force Awakens,WiiU,Warner Bros. Interactive Entertainment  ,TT Fusion  ,N/A  ,N/A  ,N/A  ,N/A,0.29m,0.12m,0.13m,0.02m,0.02m,28th Jun 16  ,31st Mar 18
71,NES Remix,WiiU,Nintendo  ,Nintendo  ,N/A  ,N/A  ,N/A  ,N/A,0.29m,0.18m,N/A,0.09m,0.02m,18th Dec 13  ,28th Aug 18
72,Assassin's Creed IV: Black Flag,WiiU,Ubisoft  ,Ubisoft Montreal  ,N/A  ,8.5  ,N/A  ,N/A,0.29m,0.17m,0.10m,N/A,0.03m,29th Oct 13  ,14th Mar 18
73,Need for Speed: Most Wanted (2012),WiiU,Electronic Arts  ,Criterion Games  ,N/A  ,8.4  ,N/A  ,N/A,0.28m,0.13m,0.13m,N/A,0.02m,19th Mar 13  ,19th Dec 18
74,Bayonetta 2,WiiU,Nintendo  ,PlatinumGames  ,N/A  ,9.3  ,N/A  ,0.28m,N/A,N/A,N/A,N/A,N/A,24th Oct 14  ,20th Mar 18
75,Mass Effect 3,WiiU,Electronic Arts  ,BioWare  ,N/A  ,9.2  ,N/A  ,N/A,0.28m,0.14m,0.12m,N/A,0.02m,18th Nov 12  ,09th Jan 18
76,Guitar Hero Live,WiiU,Activision  ,FreeStyleGames  ,N/A  ,N/A  ,N/A  ,N/A,0.27m,0.18m,0.06m,N/A,0.03m,20th Oct 15  ,15th Mar 18
77,Game & Wario,WiiU,Nintendo  ,Intelligent Systems  ,N/A  ,6.2  ,N/A  ,N/A,0.25m,0.06m,0.06m,0.12m,0.01m,23rd Jun 13  ,15th Mar 18
78,Disney Epic Mickey 2: The Power of Two,WiiU,Disney Interactive Studios  ,Junction Point Studios  ,N/A  ,5.9  ,N/A  ,N/A,0.24m,0.13m,0.08m,0.01m,0.02m,18th Nov 12  ,13th Sep 20
79,Madden NFL 13,WiiU,EA Sports  ,EA Tiburon  ,N/A  ,7.2  ,N/A  ,N/A,0.23m,0.21m,N/A,N/A,0.02m,18th Nov 12  ,04th Jan 18
80,LEGO The Hobbit,WiiU,Warner Bros. Interactive Entertainment  ,Traveller's Tales  ,N/A  ,N/A  ,N/A  ,N/A,0.23m,0.09m,0.11m,N/A,0.02m,08th Apr 14  ,15th Mar 18
81,Resident Evil: Revelations,WiiU,Capcom  ,Capcom  ,N/A  ,7.5  ,N/A  ,N/A,0.22m,0.09m,0.08m,0.03m,0.02m,21st May 13  ,16th Mar 18
82,Disney's Planes,WiiU,Disney Interactive Studios  ,Behaviour Interactive  ,N/A  ,N/A  ,N/A  ,N/A,0.21m,0.14m,0.04m,N/A,0.02m,06th Aug 13  ,15th Mar 18
83,Injustice: Gods Among Us,WiiU,Warner Bros. Interactive Entertainment  ,NetherRealm Studios  ,N/A  ,N/A  ,N/A  ,N/A,0.20m,0.09m,0.09m,0.00m,0.02m,16th Apr 13  ,22nd Apr 18
84,Taiko no Tatsujin: Wii U Version!,WiiU,Namco Bandai Games  ,Bandai Namco Games  ,N/A  ,N/A  ,N/A  ,N/A,0.19m,N/A,N/A,0.19m,N/A,21st Nov 13  ,18th Sep 18
85,Tekken Tag Tournament 2,WiiU,Namco Bandai Games  ,Bandai Namco Games  ,N/A  ,8.1  ,N/A  ,N/A,0.19m,0.09m,0.07m,0.01m,0.01m,18th Nov 12  ,21st Apr 18
86,Ninja Gaiden 3: Razor's Edge,WiiU,Nintendo  ,Team Ninja  ,N/A  ,6.5  ,N/A  ,N/A,0.19m,0.14m,0.03m,N/A,0.02m,18th Nov 12  ,25th Aug 20
87,Just Dance 2018,WiiU,Ubisoft  ,Ubisoft Paris  ,N/A  ,N/A  ,N/A  ,N/A,0.17m,0.07m,0.09m,N/A,0.01m,24th Oct 17  ,06th Apr 18
88,Darksiders II,WiiU,THQ  ,Vigil Games  ,N/A  ,8.2  ,N/A  ,N/A,0.16m,0.07m,0.07m,N/A,0.01m,18th Nov 12  ,14th Mar 18
89,Your Shape Fitness Evolved 2013,WiiU,Ubisoft  ,Blue Byte  ,N/A  ,N/A  ,N/A  ,N/A,0.15m,0.07m,0.07m,N/A,0.01m,18th Nov 12  ,13th Sep 20
90,Rodea the Sky Soldier,WiiU,NIS America  ,Kadokawa Games  ,N/A  ,7.0  ,N/A  ,N/A,0.14m,0.10m,0.02m,0.01m,0.01m,10th Nov 15  ,06th Apr 18
91,NBA 2K13,WiiU,2K Sports  ,Visual Concepts  ,N/A  ,7.6  ,N/A  ,N/A,0.14m,0.08m,0.04m,N/A,0.01m,18th Nov 12  ,04th Jan 18
92,Transformers: Prime,WiiU,Activision  ,Now Production  ,N/A  ,N/A  ,N/A  ,N/A,0.13m,0.09m,0.03m,N/A,0.01m,18th Nov 12  ,06th Jan 19
93,Game Party Champions,WiiU,Warner Bros. Interactive Entertainment  ,Phosphor Studios  ,N/A  ,N/A  ,N/A  ,N/A,0.13m,0.09m,0.03m,N/A,0.01m,18th Nov 12  ,08th Sep 20
94,Watch Dogs,WiiU,Ubisoft  ,Ubisoft Montreal  ,N/A  ,N/A  ,N/A  ,N/A,0.13m,0.07m,0.05m,N/A,0.01m,18th Nov 14  ,15th Mar 18
95,WipeOut 3 The Game,WiiU,Activision  ,Behaviour Interactive  ,N/A  ,N/A  ,N/A  ,N/A,0.13m,0.11m,N/A,N/A,0.01m,18th Nov 12  ,16th Mar 18
96,007 Legends,WiiU,Activision  ,Eurocom  ,N/A  ,4.2  ,N/A  ,N/A,0.13m,0.06m,0.06m,N/A,0.01m,11th Dec 12  ,16th Mar 18
97,Tom Clancy's Splinter Cell: Blacklist,WiiU,Ubisoft  ,Ubisoft Shanghai  ,N/A  ,9.2  ,N/A  ,N/A,0.13m,0.04m,0.07m,N/A,0.01m,20th Aug 13  ,08th Mar 18
98,Taiko Drum Master: Tokumori!,WiiU,Namco Bandai Games  ,Namco Bandai Games  ,N/A  ,N/A  ,N/A  ,N/A,0.12m,N/A,N/A,0.12m,N/A,20th Nov 14  ,N/A
99,The Voice,WiiU,Activision  ,Zoe Mode  ,N/A  ,N/A  ,N/A  ,N/A,0.12m,0.11m,0.00m,N/A,0.01m,21st Oct 14  ,16th Mar 18
100,Marvel Avengers: Battle for Earth,WiiU,Ubisoft  ,Ubisoft Quebec  ,N/A  ,N/A  ,N/A  ,N/A,0.12m,0.06m,0.05m,N/A,0.01m,04th Dec 12  ,01st Jan 18
101,LEGO Batman 2: DC Super Heroes,WiiU,Warner Bros. Interactive Entertainment  ,Traveller's Tales  ,N/A  ,N/A  ,N/A  ,N/A,0.12m,0.04m,0.07m,N/A,0.01m,21st May 13  ,15th Mar 18
102,Fatal Frame: Maiden of Black Water,WiiU,Nintendo  ,Koei Tecmo Games  ,N/A  ,N/A  ,5.8  ,N/A,0.12m,N/A,0.03m,0.09m,0.00m,22nd Oct 15  ,01st Jan 18
103,The Walking Dead: Survival Instinct,WiiU,Activision  ,Terminal Reality  ,N/A  ,N/A  ,N/A  ,N/A,0.12m,0.08m,0.03m,N/A,0.01m,19th Mar 13  ,16th Jan 18
104,Deus Ex: Human Revolution,WiiU,Square Enix  ,Eidos Interactive  ,N/A  ,8.6  ,N/A  ,N/A,0.11m,0.05m,0.05m,N/A,0.01m,22nd Oct 13  ,16th Mar 18
105,Scribblenauts Unmasked: A DC Comics Adventure,WiiU,Warner Bros. Interactive Entertainment  ,5TH Cell  ,N/A  ,N/A  ,N/A  ,N/A,0.10m,0.09m,N/A,N/A,0.01m,24th Sep 13  ,03rd Apr 18
106,Just Dance 2019,WiiU,Ubisoft  ,Ubisoft Paris  ,N/A  ,N/A  ,N/A  ,N/A,0.10m,0.06m,0.03m,N/A,0.01m,23rd Oct 18  ,28th Sep 18
107,Angry Birds: Star Wars,WiiU,Activision  ,Exient Entertainment  ,N/A  ,N/A  ,N/A  ,N/A,0.10m,0.05m,0.04m,N/A,0.01m,29th Oct 13  ,16th Mar 18
108,The Smurfs 2,WiiU,Ubisoft  ,Way Forward  ,N/A  ,N/A  ,N/A  ,N/A,0.10m,0.05m,0.04m,N/A,0.01m,23rd Jul 13  ,17th Mar 18
109,Just Dance Wii U,WiiU,Nintendo  ,Unknown  ,N/A  ,N/A  ,N/A  ,N/A,0.09m,N/A,N/A,0.09m,N/A,03rd Apr 14  ,N/A
110,The Amazing Spider-Man (2012),WiiU,Activision  ,Beenox  ,N/A  ,6.0  ,N/A  ,N/A,0.09m,0.05m,0.04m,N/A,0.01m,05th Mar 13  ,15th Mar 18
111,Just Dance: Disney Party 2,WiiU,Ubisoft  ,Ubisoft San Francisco  ,N/A  ,N/A  ,N/A  ,N/A,0.09m,0.07m,0.01m,N/A,0.01m,20th Oct 15  ,07th Apr 18
112,How to Train Your Dragon 2,WiiU,Little Orbit  ,Torus Games  ,N/A  ,N/A  ,N/A  ,N/A,0.08m,0.03m,0.05m,N/A,0.01m,10th Jun 14  ,17th Mar 18
113,Warriors Orochi 3 Hyper,WiiU,Tecmo Koei  ,Koei  ,N/A  ,N/A  ,N/A  ,N/A,0.08m,0.04m,0.03m,0.02m,0.01m,18th Nov 12  ,13th Sep 20
114,Taiko no Tatsujin: Atsumete Tomodachi Daisakusen!,WiiU,Namco Bandai Games  ,Bandai Namco Games  ,N/A  ,N/A  ,N/A  ,N/A,0.08m,N/A,N/A,0.08m,N/A,26th Nov 15  ,08th Apr 18
115,Legend of Kay Anniversary,WiiU,Nordic Games  ,Neon Studios  ,N/A  ,N/A  ,N/A  ,N/A,0.07m,0.05m,0.02m,N/A,0.01m,29th May 15  ,11th Sep 18
116,Adventure Time: Finn & Jake Investigations,WiiU,Little Orbit  ,Vicious Cycle  ,N/A  ,N/A  ,N/A  ,N/A,0.07m,0.04m,0.02m,N/A,0.01m,20th Oct 15  ,17th Mar 18
117,DuckTales: Remastered,WiiU,Capcom  ,WayForward  ,N/A  ,N/A  ,N/A  ,N/A,0.07m,0.06m,N/A,N/A,0.01m,12th Nov 13  ,17th Feb 19
118,Tank! Tank! Tank!,WiiU,Namco Bandai Games  ,Namco Bandai Games  ,N/A  ,4.7  ,N/A  ,N/A,0.07m,0.02m,0.01m,0.05m,0.00m,18th Nov 12  ,18th Jan 18
119,Minecraft: Story Mode,WiiU,Mojang  ,Telltale Games  ,N/A  ,N/A  ,N/A  ,N/A,0.07m,0.04m,0.03m,N/A,0.01m,13th Dec 16  ,22nd Mar 18
120,One Piece Unlimited World: Red,WiiU,Namco Bandai Games  ,Ganbarion  ,N/A  ,N/A  ,N/A  ,N/A,0.07m,N/A,0.04m,0.03m,0.00m,31st Jul 14  ,19th Oct 18
121,Pac-Man and the Ghostly Adventures 2,WiiU,Namco Bandai Games  ,Monkey Bar Games  ,N/A  ,N/A  ,N/A  ,N/A,0.07m,0.04m,0.02m,N/A,0.01m,14th Oct 14  ,16th Nov 18
122,Transformer: Rise of the Dark Spark,WiiU,Activision  ,Edge of Reality  ,N/A  ,N/A  ,N/A  ,N/A,0.06m,0.04m,0.02m,N/A,0.01m,24th Jun 14  ,27th Dec 18
123,PAC-MAN and the Ghostly Adventures,WiiU,Namco Bandai Games  ,Monkey Bar Games  ,N/A  ,N/A  ,N/A  ,N/A,0.06m,0.03m,0.02m,N/A,0.01m,29th Oct 13  ,02nd Dec 18
124,The Amazing Spider-Man 2 (2014),WiiU,Activision  ,Beenox  ,N/A  ,N/A  ,N/A  ,N/A,0.06m,0.03m,0.03m,N/A,0.00m,29th Apr 14  ,19th Mar 18
125,SpongeBob SquarePants: Plankton's Robotic Revenge,WiiU,Activision  ,Behaviour Interactive  ,N/A  ,N/A  ,N/A  ,N/A,0.06m,N/A,0.05m,N/A,0.00m,22nd Oct 13  ,17th Dec 20
126,Shantae: Half-Genie Hero,WiiU,WayForward Technologies  ,Way Forward Technologies  ,N/A  ,N/A  ,N/A  ,N/A,0.06m,0.05m,N/A,N/A,0.01m,01st Apr 16  ,21st Jan 18
127,Mighty No. 9,WiiU,Deep Silver  ,Comcept  ,N/A  ,N/A  ,N/A  ,N/A,0.05m,0.03m,0.01m,N/A,0.01m,21st Jun 16  ,04th Jul 18
128,Zumba Fitness: World Party,WiiU,Majesco Entertainment  ,Zoe Mode  ,N/A  ,N/A  ,N/A  ,N/A,0.05m,N/A,0.04m,N/A,0.00m,05th Nov 13  ,22nd Jan 18
129,Devil's Third,WiiU,Nintendo  ,Valhalla Game Studios  ,N/A  ,3.8  ,5.7  ,N/A,0.05m,0.03m,0.02m,N/A,0.00m,11th Dec 15  ,22nd Jan 18
130,Trine 2: Director's Cut,WiiU,Frozenbyte  ,Frozenbyte  ,N/A  ,7.8  ,N/A  ,N/A,0.04m,N/A,0.04m,N/A,0.00m,18th Nov 12  ,28th Aug 18
131,Terraria,WiiU,505 Games  ,Re-Logic  ,N/A  ,N/A  ,N/A  ,N/A,0.04m,N/A,0.03m,0.01m,0.00m,28th Jun 16  ,19th Mar 18
132,Adventure Time: Explore the Dungeon Because I Don't Know!,WiiU,D3Publisher  ,Way Forward  ,N/A  ,2.8  ,N/A  ,N/A,0.04m,0.02m,0.02m,N/A,0.00m,12th Dec 13  ,22nd Jan 18
133,YoKai Watch Dance: Just Dance Special Version,WiiU,Level 5  ,Level 5  ,N/A  ,N/A  ,N/A  ,N/A,0.04m,N/A,N/A,0.04m,N/A,05th Dec 15  ,09th Apr 18
134,SteamWorld Collection,WiiU,Rising Star Games  ,Image & Form Games  ,N/A  ,N/A  ,N/A  ,N/A,0.04m,0.03m,0.00m,N/A,0.00m,15th Nov 16  ,30th Aug 18
135,Gotouchi Tetsudou: Gotouchi Kyara to Nihon Zenkoku no Tabi,WiiU,Namco Bandai Games  ,Namco Bandai Games  ,N/A  ,N/A  ,N/A  ,N/A,0.04m,N/A,N/A,0.04m,N/A,27th Nov 14  ,27th Jan 18
136,Penguins of Madagascar,WiiU,Little Orbit  ,Little Orbit  ,N/A  ,N/A  ,N/A  ,N/A,0.03m,0.01m,0.02m,N/A,0.00m,25th Nov 14  ,07th Apr 18
137,Rabbids Land,WiiU,Ubisoft  ,Ubisoft Paris  ,N/A  ,6.1  ,N/A  ,N/A,0.03m,0.01m,0.01m,N/A,0.00m,18th Nov 12  ,08th Sep 20
138,Dragon Quest X: 5000-nen no Harukanaru Kokyou e Online,WiiU,Square Enix  ,Square Enix  ,N/A  ,N/A  ,N/A  ,N/A,0.03m,N/A,N/A,0.03m,N/A,16th Nov 17  ,15th Sep 18
139,The Croods: Prehistoric Party!,WiiU,D3Publisher  ,Torus Games Pty. Ltd.  ,N/A  ,N/A  ,N/A  ,N/A,0.03m,0.01m,0.02m,N/A,0.00m,19th Mar 13  ,14th Dec 18
140,Turbo: Super Stunt Squad,WiiU,D3Publisher  ,Monkey Bar Games  ,N/A  ,N/A  ,N/A  ,N/A,0.03m,N/A,0.03m,N/A,0.00m,16th Jul 13  ,22nd Jan 18
141,Darksiders: Warmastered Edition,WiiU,THQ Nordic  ,Kaiko  ,N/A  ,N/A  ,N/A  ,N/A,0.03m,0.01m,0.01m,N/A,0.00m,23rd May 17  ,31st Mar 18
142,Disney Planes Fire & Rescue,WiiU,Disney Interactive Studios  ,Little Orbit  ,N/A  ,N/A  ,N/A  ,N/A,0.03m,0.01m,0.01m,N/A,0.00m,04th Nov 14  ,31st Mar 18
143,Cars 3: Driven to Win,WiiU,Warner Bros. Interactive Entertainment  ,Avalanche Software  ,N/A  ,N/A  ,N/A  ,N/A,0.02m,0.02m,0.00m,N/A,0.00m,13th Jun 17  ,14th Jan 18
144,Sniper Elite V2,WiiU,505 Games  ,Rebellion Developments  ,N/A  ,7.0  ,N/A  ,N/A,0.02m,N/A,0.02m,N/A,0.00m,21st May 13  ,13th Mar 18
145,Monster High 13 Wishes,WiiU,Little Orbit  ,Unknown  ,N/A  ,N/A  ,N/A  ,N/A,0.02m,0.02m,N/A,N/A,0.00m,29th Oct 13  ,N/A
146,Tumblestone,WiiU,Nighthawk Interactive  ,The Quantum Astrophysicists Guild  ,N/A  ,N/A  ,N/A  ,N/A,0.02m,0.02m,N/A,N/A,0.00m,01st Nov 16  ,01st Apr 18
147,Kamen Rider: Battride War II,WiiU,Namco Bandai Games  ,Eighting  ,N/A  ,N/A  ,N/A  ,N/A,0.02m,N/A,N/A,0.02m,N/A,26th Jun 14  ,23rd Jan 18
148,Fist of the North Star: Ken's Rage 2,WiiU,Tecmo Koei  ,Koei  ,N/A  ,N/A  ,N/A  ,N/A,0.02m,N/A,N/A,0.02m,N/A,07th Feb 13  ,03rd Jan 19
149,Dragon Quest X: All in One Package,WiiU,Square Enix  ,Square Enix  ,N/A  ,N/A  ,N/A  ,N/A,0.02m,N/A,N/A,0.02m,N/A,03rd Dec 15  ,15th Sep 18
150,Art Academy: Home Studio,WiiU,Nintendo  ,Headstrong Games  ,N/A  ,N/A  ,N/A  ,N/A,0.02m,N/A,0.00m,0.02m,0.00m,25th Jun 15  ,01st Apr 18
151,Cabela's Big Game Hunter: Pro Hunts,WiiU,Activision  ,Cauldron  ,N/A  ,N/A  ,N/A  ,N/A,0.02m,0.02m,N/A,N/A,0.00m,26th Mar 14  ,01st Apr 18
152,The Book of Unwritten Tales 2,WiiU,Nordic Games  ,KING Art Games  ,N/A  ,N/A  ,N/A  ,N/A,0.02m,N/A,0.02m,N/A,0.00m,12th Feb 16  ,17th Dec 18
153,Puyo Puyo Tetris,WiiU,Sega  ,Sonic Team  ,N/A  ,N/A  ,N/A  ,N/A,0.02m,N/A,N/A,0.02m,N/A,06th Feb 14  ,04th Jul 18
154,Mario vs. Donkey Kong: Tipping Stars,WiiU,Nintendo  ,Nintendo Software Technology Corporation  ,N/A  ,6.4  ,N/A  ,N/A,0.02m,N/A,N/A,0.02m,N/A,05th Mar 15  ,15th Jan 19
155,Romance of the Three Kingdoms XII,WiiU,Tecmo Koei  ,Tecmo Koei Games  ,N/A  ,N/A  ,N/A  ,N/A,0.02m,N/A,N/A,0.02m,N/A,13th Dec 12  ,30th Jul 18
156,Fast Racing Neo,WiiU,Shin'en  ,Shin'en  ,N/A  ,8.1  ,N/A  ,N/A,0.01m,N/A,0.01m,N/A,0.00m,10th Dec 15  ,01st Feb 18
157,Barbie and Her Sisters Puppy Rescue,WiiU,Little Orbit  ,Torus Games  ,N/A  ,N/A  ,N/A  ,N/A,0.01m,N/A,0.01m,N/A,0.00m,03rd Nov 15  ,18th Jan 18
158,Phineas and Ferb: Quest for Cool Stuff,WiiU,Disney Interactive Studios  ,Disney Interactive Studios  ,N/A  ,N/A  ,N/A  ,N/A,0.01m,N/A,0.01m,N/A,0.00m,13th Aug 13  ,24th Jan 18
159,Legend of Kay Anniversary,WiiU,Nordic Games  ,Nordic Games  ,N/A  ,N/A  ,N/A  ,N/A,0.01m,N/A,0.01m,N/A,0.00m,28th Jul 15  ,09th Apr 18
160,The Peanuts Movie: Snoopy's Grand Adventure,WiiU,Activision  ,Behaviour Interactive  ,N/A  ,N/A  ,N/A  ,N/A,0.01m,N/A,0.01m,N/A,0.00m,03rd Nov 15  ,01st Apr 18
161,Hello Kitty Kruisers,WiiU,Bergsala Lightweight  ,Scarab  ,N/A  ,N/A  ,N/A  ,N/A,0.01m,0.01m,N/A,N/A,0.00m,21st Mar 14  ,25th Jan 18
162,Teslagrad,WiiU,Rain Games  ,Rain Games  ,N/A  ,7.0  ,N/A  ,N/A,0.00m,N/A,0.00m,N/A,0.00m,11th Sep 14  ,04th Jan 18
163,Fujiko F. Fujio Characters: Great Assembly! Slightly Fantastic Slapstick Party,WiiU,Namco Bandai Games  ,Namco Bandai Games  ,N/A  ,N/A  ,N/A  ,N/A,0.00m,N/A,N/A,0.00m,N/A,31st Dec 20  ,09th Apr 18
164,Monster High: New Ghoul in School,WiiU,Little Orbit  ,Torus Games  ,N/A  ,N/A  ,N/A  ,N/A,0.00m,N/A,0.00m,N/A,0.00m,27th Oct 15  ,19th Jan 19
165,Kung Fu Panda: Showdown of Legendary Legends,WiiU,Little Orbit  ,Little Orbit  ,N/A  ,N/A  ,N/A  ,N/A,0.00m,N/A,0.00m,N/A,0.00m,27th Nov 15  ,09th Apr 18
166,Pok√©mon Rumble U,WiiU,Nintendo  ,Ambrella  ,N/A  ,5.7  ,N/A  ,N/A,0.00m,N/A,0.00m,N/A,0.00m,29th Aug 13  ,03rd Aug 18
167,Star Fox Guard,WiiU,Nintendo  ,Nintendo EPD  ,N/A  ,N/A  ,N/A  ,N/A,0.00m,N/A,0.00m,N/A,0.00m,22nd Apr 16  ,18th Nov 18
168,Ben 10 Omniverse 2,WiiU,D3 Publisher  ,High Voltage Software  ,N/A  ,N/A  ,N/A  ,N/A,0.00m,0.00m,N/A,N/A,0.00m,05th Nov 13  ,02nd Jan 19
169,Young Justice: Legacy,WiiU,Warner Bros. Interactive Entertainment  ,Freedom Factory Studios  ,N/A  ,N/A  ,N/A  ,N/A,0.00m,N/A,0.00m,N/A,0.00m,19th Nov 13  ,24th Nov 18
170,NES Remix Pack,WiiU,Nintendo  ,Nintendo  ,N/A  ,N/A  ,N/A  ,N/A,0.00m,0.00m,N/A,N/A,0.00m,05th Dec 14  ,28th Aug 18
171,1001 Spikes,WiiU,Nicalis  ,Nicalis  ,N/A  ,N/A  ,N/A  ,N/A,N/A,N/A,N/A,N/A,N/A,03rd Jun 14  ,27th Jan 18
172,6180 the moon,WiiU,Unknown  ,Unknown  ,N/A  ,N/A  ,N/A  ,N/A,N/A,N/A,N/A,N/A,N/A,01st Jan 15  ,N/A
173,Abyss,WiiU,EnjoyUp Games  ,EnjoyUp Games  ,N/A  ,N/A  ,N/A  ,N/A,N/A,N/A,N/A,N/A,N/A,01st May 14  ,27th Jan 18
174,Adventures of Lolo,WiiU,Nintendo  ,Unknown  ,N/A  ,N/A  ,N/A  ,N/A,N/A,N/A,N/A,N/A,N/A,15th May 14  ,N/A
175,Affordable Space Adventures,WiiU,KnapNok Games  ,KnapNok Games  ,N/A  ,N/A  ,9.1  ,N/A,N/A,N/A,N/A,N/A,N/A,01st Jan 15  ,N/A
176,Aliens: Colonial Marines,WiiU,Sega  ,Unknown  ,N/A  ,N/A  ,N/A  ,N/A,N/A,N/A,N/A,N/A,N/A,12th Feb 13  ,N/A
177,Angry Birds,WiiU,Activision  ,FUN Labs  ,N/A  ,N/A  ,N/A  ,N/A,N/A,N/A,N/A,N/A,N/A,13th Aug 13  ,12th Jul 18
178,Angry Video Game Nerd Adventures,WiiU,Unknown  ,Freakzone Games  ,N/A  ,N/A  ,N/A  ,N/A,N/A,N/A,N/A,N/A,N/A,N/A  ,12th Jul 18
179,Aqua Moto Racing Utopia,WiiU,Zordix AB  ,Zordix AB  ,N/A  ,N/A  ,N/A  ,N/A,N/A,N/A,N/A,N/A,N/A,19th Apr 18  ,05th Oct 20
180,Armikrog,WiiU,Versus Evil  ,Pencil Test Studios  ,N/A  ,N/A  ,N/A  ,N/A,N/A,N/A,N/A,N/A,N/A,23rd Aug 16  ,04th Jan 18
181,Armillo,WiiU,Fuzzy Wuzzy Games  ,Unknown  ,N/A  ,N/A  ,N/A  ,N/A,N/A,N/A,N/A,N/A,N/A,03rd Jul 14  ,N/A
182,Assault Android Cactus,WiiU,Witch Beam Games  ,Unknown  ,N/A  ,N/A  ,N/A  ,N/A,N/A,N/A,N/A,N/A,N/A,01st Jul 14  ,N/A
183,Ava and Avior Save the Earth,WiiU,Unknown  ,Unknown  ,N/A  ,N/A  ,N/A  ,N/A,N/A,N/A,N/A,N/A,N/A,24th Apr 14  ,N/A
184,Axiom Verge,WiiU,Thomas Happ Games  ,Thomas Happ Games  ,N/A  ,N/A  ,N/A  ,N/A,N/A,N/A,N/A,N/A,N/A,01st Jan 17  ,N/A
185,Aztez,WiiU,Team Colorblind  ,Unknown  ,N/A  ,N/A  ,N/A  ,N/A,N/A,N/A,N/A,N/A,N/A,01st Jan 15  ,N/A
186,BADLAND: Game of the Year Edition,WiiU,Frogmind  ,Frogmind  ,N/A  ,N/A  ,N/A  ,N/A,N/A,N/A,N/A,N/A,N/A,30th Jul 15  ,08th Apr 19
187,Ballpoint Universe: Infinite,WiiU,Arachnid Games  ,Unknown  ,N/A  ,N/A  ,N/A  ,N/A,N/A,N/A,N/A,N/A,N/A,18th Mar 14  ,N/A
188,Batman: Arkham Origins Blackgate,WiiU,Warner Bros. Interactive Entertainment  ,Armature Studio  ,N/A  ,N/A  ,N/A  ,N/A,N/A,N/A,N/A,N/A,N/A,01st Apr 14  ,10th Dec 18
189,Ben 10 Omniverse,WiiU,D3Publisher  ,Vicious Cycle  ,N/A  ,N/A  ,N/A  ,N/A,N/A,N/A,N/A,N/A,N/A,18th Nov 12  ,08th Sep 20
190,Bit.Trip Presents... Runner 2: Future Legend of Rhythm Alien,WiiU,Unknown  ,Unknown  ,N/A  ,N/A  ,N/A  ,N/A,N/A,N/A,N/A,N/A,N/A,05th Mar 13  ,N/A
191,BLOK DROP U,WiiU,RCMADIAX  ,RCMADIAX  ,N/A  ,N/A  ,N/A  ,N/A,N/A,N/A,N/A,N/A,N/A,06th Mar 14  ,07th Jan 18
192,Bombing Bastards,WiiU,Sanuk Games  ,Sanuk Games  ,N/A  ,N/A  ,N/A  ,N/A,N/A,N/A,N/A,N/A,N/A,03rd Jul 14  ,N/A
193,BrickBlast U!,WiiU,Unknown  ,Unknown  ,N/A  ,N/A  ,N/A  ,N/A,N/A,N/A,N/A,N/A,N/A,26th Jun 14  ,N/A
194,CANDLE,WiiU,Teku Studios  ,Unknown  ,N/A  ,N/A  ,N/A  ,N/A,N/A,N/A,N/A,N/A,N/A,01st Apr 14  ,N/A
195,Castlevania III: Dracula's Curse,WiiU,Konami Digital Entertainment  ,Konami Digital Entertainment  ,N/A  ,N/A  ,N/A  ,N/A,N/A,N/A,N/A,N/A,N/A,26th Jun 14  ,N/A
196,Chariot,WiiU,Frima Studio  ,Frima Studio  ,N/A  ,N/A  ,N/A  ,N/A,N/A,N/A,N/A,N/A,N/A,08th Jan 15  ,04th Jan 18
197,Chasing Aurora,WiiU,Broken Rules  ,Unknown  ,N/A  ,N/A  ,N/A  ,N/A,N/A,N/A,N/A,N/A,N/A,18th Nov 12  ,N/A
198,Child of Light,WiiU,Ubisoft  ,Ubisoft Montreal  ,N/A  ,N/A  ,N/A  ,N/A,N/A,N/A,N/A,N/A,N/A,30th Apr 14  ,30th Dec 18
199,Chubbins,WiiU,Unknown  ,Unknown  ,N/A  ,N/A  ,N/A  ,N/A,N/A,N/A,N/A,N/A,N/A,05th Jun 14  ,N/A
200,Citizens of Earth,WiiU,Atlus  ,Unknown  ,N/A  ,N/A  ,N/A  ,N/A,N/A,N/A,N/A,N/A,N/A,20th Jan 15  ,N/A
201,Cloudberry Kingdom,WiiU,Ubisoft  ,Unknown  ,N/A  ,N/A  ,N/A  ,N/A,N/A,N/A,N/A,N/A,N/A,01st Oct 13  ,N/A
202,Cocoto Magic Circus 2,WiiU,Big Ben Interactive  ,Unknown  ,N/A  ,N/A  ,N/A  ,N/A,N/A,N/A,N/A,N/A,N/A,09th Jan 14  ,N/A
203,Color Zen,WiiU,Cypronia  ,Unknown  ,N/A  ,N/A  ,N/A  ,N/A,N/A,N/A,N/A,N/A,N/A,15th May 14  ,N/A
204,Color Zen Kids,WiiU,Cypronia  ,Large Animal Games  ,N/A  ,N/A  ,N/A  ,N/A,N/A,N/A,N/A,N/A,N/A,19th Jun 14  ,N/A
205,Contra III: The Alien Wars,WiiU,Nintendo  ,Unknown  ,N/A  ,N/A  ,N/A  ,N/A,N/A,N/A,N/A,N/A,N/A,09th Jan 14  ,N/A
206,Costume Quest 2,WiiU,Double Fine Productions  ,Double Fine Productions  ,N/A  ,N/A  ,N/A  ,N/A,N/A,N/A,N/A,N/A,N/A,30th Oct 14  ,N/A
207,Cross Reverie,WiiU,Sinxsoft  ,Sinxsoft  ,N/A  ,N/A  ,N/A  ,N/A,N/A,N/A,N/A,N/A,N/A,01st Apr 17  ,N/A
208,Cryamore,WiiU,Unknown  ,Unknown  ,N/A  ,N/A  ,N/A  ,N/A,N/A,N/A,N/A,N/A,N/A,01st Jan 15  ,N/A
209,Cult County,WiiU,Renegade Kid  ,Unknown  ,N/A  ,N/A  ,N/A  ,N/A,N/A,N/A,N/A,N/A,N/A,01st Jan 16  ,N/A
210,Dino Adventure,WiiU,Oxygen Games  ,Unknown  ,N/A  ,N/A  ,N/A  ,N/A,N/A,N/A,N/A,N/A,N/A,01st Jan 15  ,N/A
211,Don't Starve: Giant Edition,WiiU,Klei Entertainment  ,Klei Entertainment  ,N/A  ,N/A  ,N/A  ,N/A,N/A,N/A,N/A,N/A,N/A,28th May 15  ,12th Jan 18
212,Donkey Kong Jr. Math,WiiU,Nintendo  ,Nintendo  ,N/A  ,N/A  ,N/A  ,N/A,N/A,N/A,N/A,N/A,N/A,28th Aug 14  ,N/A
213,Double Dragon II: The Revenge,WiiU,Aksys Games  ,Technos Japan  ,N/A  ,N/A  ,N/A  ,N/A,N/A,N/A,N/A,N/A,N/A,14th Aug 14  ,N/A
214,Dr. Luigi,WiiU,Nintendo  ,Nintendo  ,N/A  ,N/A  ,N/A  ,N/A,N/A,N/A,N/A,N/A,N/A,31st Dec 13  ,28th Aug 18
215,Dragon Quest X: Inishie no Ryuu no Denshou Online,WiiU,Square Enix  ,Square Enix  ,N/A  ,N/A  ,N/A  ,N/A,N/A,N/A,N/A,N/A,N/A,30th Apr 15  ,15th Sep 18
216,Dungeons & Dragons: Shadow over Mystara,WiiU,Capcom  ,Unknown  ,N/A  ,N/A  ,N/A  ,N/A,N/A,N/A,N/A,N/A,N/A,01st Jan 14  ,N/A
217,Dungeons & Dragons: Tower of Doom,WiiU,Capcom  ,Unknown  ,N/A  ,N/A  ,N/A  ,N/A,N/A,N/A,N/A,N/A,N/A,01st Jan 14  ,N/A
218,Evofish,WiiU,Bulkypix  ,Unknown  ,N/A  ,N/A  ,N/A  ,N/A,N/A,N/A,N/A,N/A,N/A,03rd Apr 14  ,N/A
219,F-Zero: Maximum Velocity,WiiU,Nintendo  ,Unknown  ,N/A  ,N/A  ,N/A  ,N/A,N/A,N/A,N/A,N/A,N/A,17th Apr 14  ,N/A
220,F1 Race Stars,WiiU,Codemasters  ,Codemasters Birmingham  ,N/A  ,N/A  ,N/A  ,N/A,N/A,N/A,N/A,N/A,N/A,16th Jan 14  ,17th Oct 18
221,Falling Skies: The Game,WiiU,Little Orbit  ,Little Orbit  ,N/A  ,N/A  ,N/A  ,N/A,N/A,N/A,N/A,N/A,N/A,01st Jan 16  ,N/A
222,Farming 2017 - The Simulation,WiiU,UIG Entertainment  ,UIG Entertainment  ,N/A  ,N/A  ,N/A  ,N/A,N/A,N/A,N/A,N/A,N/A,27th May 16  ,09th Apr 18
223,Fast & Furious: Showdown,WiiU,Activision  ,Unknown  ,N/A  ,N/A  ,N/A  ,N/A,N/A,N/A,N/A,N/A,N/A,21st May 13  ,N/A
224,Final Fight,WiiU,Capcom  ,Unknown  ,N/A  ,N/A  ,N/A  ,N/A,N/A,N/A,N/A,N/A,N/A,03rd Oct 13  ,N/A
225,Final Fight 2,WiiU,Capcom  ,Unknown  ,N/A  ,N/A  ,N/A  ,N/A,N/A,N/A,N/A,N/A,N/A,03rd Oct 13  ,N/A
226,Final Fight 3,WiiU,Capcom  ,Unknown  ,N/A  ,N/A  ,N/A  ,N/A,N/A,N/A,N/A,N/A,N/A,03rd Oct 13  ,N/A
227,Fire Emblem: Shadow Dragon,WiiU,Nintendo  ,Intelligent Systems  ,N/A  ,N/A  ,N/A  ,N/A,N/A,N/A,N/A,N/A,N/A,20th Oct 09  ,30th Aug 18
228,forma.8,WiiU,Mixedbag Srl  ,MixedBag srl  ,N/A  ,N/A  ,N/A  ,N/A,N/A,N/A,N/A,N/A,N/A,01st Jan 15  ,12th Feb 18
229,Frederic: Resurrection of Music,WiiU,Forever Entertainment S.A.  ,Forever Entertainment S.A.  ,N/A  ,N/A  ,N/A  ,N/A,N/A,N/A,N/A,N/A,N/A,31st Jul 14  ,N/A
230,Funky Barn It's Farming!,WiiU,505 Games  ,Tantalus Interactive  ,N/A  ,5.0  ,N/A  ,N/A,N/A,N/A,N/A,N/A,N/A,18th Nov 12  ,25th Aug 20
231,Gaiabreaker,WiiU,Ubiquitous Media Corp.  ,Unknown  ,N/A  ,N/A  ,N/A  ,N/A,N/A,N/A,N/A,N/A,N/A,14th Aug 14  ,N/A
232,GameBoy Wars Advance 1+2,WiiU,Nintendo  ,Unknown  ,N/A  ,N/A  ,N/A  ,N/A,N/A,N/A,N/A,N/A,N/A,03rd Apr 14  ,N/A
233,Giana Sisters: Twisted Dreams,WiiU,Unknown  ,Unknown  ,N/A  ,N/A  ,N/A  ,N/A,N/A,N/A,N/A,N/A,N/A,N/A  ,N/A
234,Golden Sun,WiiU,Nintendo  ,Unknown  ,N/A  ,N/A  ,N/A  ,N/A,N/A,N/A,N/A,N/A,N/A,07th Apr 14  ,N/A
235,Gravity Badgers,WiiU,Wales Interactive Ltd.  ,Wales Interactive Ltd.  ,N/A  ,N/A  ,N/A  ,N/A,N/A,N/A,N/A,N/A,N/A,29th May 14  ,06th Jan 18
236,Guacamelee!,WiiU,DrinkBox Studios  ,DrinkBox Studios  ,N/A  ,N/A  ,N/A  ,N/A,N/A,N/A,N/A,N/A,N/A,03rd Jul 14  ,07th Aug 18
237,Harvest Moon: Seeds of Memories,WiiU,Natsume  ,Natsume  ,N/A  ,N/A  ,N/A  ,N/A,N/A,N/A,N/A,N/A,N/A,01st Jan 16  ,N/A
238,"Heart Forth, Alicia",WiiU,Unknown  ,Unknown  ,N/A  ,N/A  ,N/A  ,N/A,N/A,N/A,N/A,N/A,N/A,01st Jan 15  ,N/A
239,Hex Heroes,WiiU,Unknown  ,Unknown  ,N/A  ,N/A  ,N/A  ,N/A,N/A,N/A,N/A,N/A,N/A,01st Jan 16  ,N/A
240,Hot Wheels World's Best Driver,WiiU,Warner Bros. Interactive Entertainment  ,Unknown  ,N/A  ,N/A  ,N/A  ,N/A,N/A,N/A,N/A,N/A,N/A,17th Sep 13  ,N/A
241,How to Survive,WiiU,505 Games  ,Unknown  ,N/A  ,N/A  ,N/A  ,N/A,N/A,N/A,N/A,N/A,N/A,19th Jun 14  ,N/A
242,I've Got to Run!,WiiU,Unknown  ,Unknown  ,N/A  ,N/A  ,N/A  ,N/A,N/A,N/A,N/A,N/A,N/A,05th Jun 14  ,N/A
243,Ice Cream Surfer,WiiU,Dolores Entertainment SL  ,Dolores Entertainment SL  ,N/A  ,N/A  ,N/A  ,N/A,N/A,N/A,N/A,N/A,N/A,04th Sep 14  ,N/A
244,Ice Hockey,WiiU,Nintendo  ,Unknown  ,N/A  ,N/A  ,N/A  ,N/A,N/A,N/A,N/A,N/A,N/A,20th Feb 14  ,N/A
245,Insanity's Blade,WiiU,Unknown  ,Unknown  ,N/A  ,N/A  ,N/A  ,N/A,N/A,N/A,N/A,N/A,N/A,01st Jan 15  ,N/A
246,Internal Invasion,WiiU,Unknown  ,Unknown  ,N/A  ,N/A  ,N/A  ,N/A,N/A,N/A,N/A,N/A,N/A,03rd Jul 14  ,N/A
247,IQ Test,WiiU,Unknown  ,Ninja Pig Studios  ,N/A  ,N/A  ,N/A  ,N/A,N/A,N/A,N/A,N/A,N/A,31st Jul 14  ,03rd Jan 18
248,Ittle Dew,WiiU,Ludosity AB  ,Unknown  ,N/A  ,N/A  ,N/A  ,N/A,N/A,N/A,N/A,N/A,N/A,29th May 14  ,N/A
249,Jett Tailfin,WiiU,Hoplite Research  ,Hoplite Research  ,N/A  ,N/A  ,N/A  ,N/A,N/A,N/A,N/A,N/A,N/A,07th Aug 14  ,10th Apr 18
250,Kamen Rider: SummonRide,WiiU,Namco Bandai Games  ,Namco Bandai Games  ,N/A  ,N/A  ,N/A  ,N/A,N/A,N/A,N/A,N/A,N/A,01st Jan 15  ,N/A
251,KickBeat,WiiU,Zen Studios  ,Zen Studios  ,N/A  ,N/A  ,N/A  ,N/A,N/A,N/A,N/A,N/A,N/A,11th Sep 14  ,10th Apr 18
252,Kirby & the Amazing Mirror,WiiU,Nintendo  ,Unknown  ,N/A  ,N/A  ,N/A  ,N/A,N/A,N/A,N/A,N/A,N/A,10th Apr 14  ,N/A
253,Kirby Super Star,WiiU,Nintendo  ,Unknown  ,N/A  ,N/A  ,N/A  ,N/A,N/A,N/A,N/A,N/A,N/A,23rd May 13  ,N/A
254,Kirby's Dream Course,WiiU,Nintendo  ,Unknown  ,N/A  ,N/A  ,N/A  ,N/A,N/A,N/A,N/A,N/A,N/A,23rd May 13  ,N/A
255,Kirby's Dream Land 3,WiiU,Nintendo  ,Unknown  ,N/A  ,N/A  ,N/A  ,N/A,N/A,N/A,N/A,N/A,N/A,23rd May 13  ,N/A
256,Klonoa: Empire of Dreams,WiiU,Namco Bandai Games  ,Unknown  ,N/A  ,N/A  ,N/A  ,N/A,N/A,N/A,N/A,N/A,N/A,29th May 14  ,N/A
257,Knytt Underground,WiiU,Triniti Interactive  ,Unknown  ,N/A  ,N/A  ,N/A  ,N/A,N/A,N/A,N/A,N/A,N/A,19th Dec 13  ,N/A
258,Luv Me Buddies Wonderland,WiiU,O2 Games  ,O2 Games  ,N/A  ,N/A  ,N/A  ,N/A,N/A,N/A,N/A,N/A,N/A,29th May 14  ,22nd Jan 18
259,Mach Rider,WiiU,Nintendo  ,Unknown  ,N/A  ,N/A  ,N/A  ,N/A,N/A,N/A,N/A,N/A,N/A,01st May 14  ,N/A
260,Mario & Luigi: Superstar Saga,WiiU,Nintendo  ,Unknown  ,N/A  ,N/A  ,N/A  ,N/A,N/A,N/A,N/A,N/A,N/A,03rd Apr 14  ,N/A
261,Mario Kart DS,WiiU,Nintendo  ,Nintendo EAD  ,N/A  ,N/A  ,N/A  ,N/A,N/A,N/A,N/A,N/A,N/A,23rd Apr 15  ,N/A
262,Mario Kart: Super Circuit,WiiU,Nintendo  ,Intelligent Systems  ,N/A  ,N/A  ,N/A  ,N/A,N/A,N/A,N/A,N/A,N/A,13th Nov 14  ,N/A
263,Mario Tennis: Power Tour,WiiU,Nintendo  ,Camelot Software Planning  ,N/A  ,N/A  ,N/A  ,N/A,N/A,N/A,N/A,N/A,N/A,03rd Jul 14  ,N/A
264,Mario vs. Donkey Kong,WiiU,Nintendo  ,Nintendo Software Technology Corporation  ,N/A  ,N/A  ,N/A  ,N/A,N/A,N/A,N/A,N/A,N/A,09th Feb 17  ,20th Apr 18
265,Marvel Pinball,WiiU,Zen Studios  ,Unknown  ,N/A  ,N/A  ,N/A  ,N/A,N/A,N/A,N/A,N/A,N/A,31st Jan 13  ,N/A
266,Master Reboot,WiiU,Wales Interactive Ltd.  ,Wales Interactive Ltd.  ,N/A  ,N/A  ,N/A  ,N/A,N/A,N/A,N/A,N/A,N/A,24th Jul 14  ,10th Apr 18
267,Mega Man 5,WiiU,Capcom  ,Capcom  ,N/A  ,N/A  ,N/A  ,N/A,N/A,N/A,N/A,N/A,N/A,24th Jul 14  ,N/A
268,Mega Man 6,WiiU,Capcom  ,Capcom  ,N/A  ,N/A  ,N/A  ,N/A,N/A,N/A,N/A,N/A,N/A,21st Aug 14  ,10th Apr 18
269,Mega Man Battle Chip Challenge,WiiU,Capcom  ,Capcom Production Studio 2  ,N/A  ,N/A  ,N/A  ,N/A,N/A,N/A,N/A,N/A,N/A,14th Aug 14  ,N/A
270,Mega Man Battle Network,WiiU,Capcom  ,Capcom  ,N/A  ,N/A  ,N/A  ,N/A,N/A,N/A,N/A,N/A,N/A,31st Jul 14  ,N/A
271,Mega Man X3,WiiU,Capcom  ,Capcom  ,N/A  ,N/A  ,N/A  ,N/A,N/A,N/A,N/A,N/A,N/A,28th Aug 14  ,10th Apr 18
272,Metroid Fusion,WiiU,Nintendo  ,Unknown  ,N/A  ,N/A  ,N/A  ,N/A,N/A,N/A,N/A,N/A,N/A,03rd Apr 14  ,N/A
273,Midtown Crazy Race,WiiU,Jose Varela  ,Jose Varela  ,N/A  ,N/A  ,N/A  ,N/A,N/A,N/A,N/A,N/A,N/A,21st Aug 14  ,10th Apr 18
274,Mighty Switch Force! 2,WiiU,WayForward Technologies  ,Unknown  ,N/A  ,N/A  ,N/A  ,N/A,N/A,N/A,N/A,N/A,N/A,17th Oct 13  ,N/A
275,Mighty Switch Force! Hyper Drive Edition,WiiU,WayForward Technologies  ,WayForward  ,N/A  ,N/A  ,N/A  ,N/A,N/A,N/A,N/A,N/A,N/A,18th Nov 12  ,13th Sep 20
276,Monkey Pirates,WiiU,Henchmen Studios  ,Unknown  ,N/A  ,N/A  ,N/A  ,N/A,N/A,N/A,N/A,N/A,N/A,26th Jun 14  ,N/A
277,Monochroma,WiiU,Nowhere Studios  ,Unknown  ,N/A  ,N/A  ,N/A  ,N/A,N/A,N/A,N/A,N/A,N/A,01st Jan 15  ,N/A
278,Monster Hunter Frontier G,WiiU,Capcom  ,Capcom  ,N/A  ,N/A  ,N/A  ,N/A,N/A,N/A,N/A,N/A,N/A,11th Dec 13  ,23rd Jul 18
279,Mutant Mudds,WiiU,Renegade Kid  ,Unknown  ,N/A  ,N/A  ,N/A  ,N/A,N/A,N/A,N/A,N/A,N/A,13th Jun 13  ,N/A
280,My Arctic Farm,WiiU,BiP Media  ,BiP media  ,N/A  ,N/A  ,N/A  ,N/A,N/A,N/A,N/A,N/A,N/A,26th Jun 14  ,10th Apr 18
281,My Exotic Farm,WiiU,BiP Media  ,Unknown  ,N/A  ,N/A  ,N/A  ,N/A,N/A,N/A,N/A,N/A,N/A,10th Apr 14  ,N/A
282,My Farm,WiiU,BiP Media  ,Unknown  ,N/A  ,N/A  ,N/A  ,N/A,N/A,N/A,N/A,N/A,N/A,27th Feb 14  ,N/A
283,My First Songs,WiiU,Ringzero Game Studio  ,Unknown  ,N/A  ,N/A  ,N/A  ,N/A,N/A,N/A,N/A,N/A,N/A,17th Apr 14  ,N/A
284,My Jurassic Farm,WiiU,BiP Media  ,BiP media  ,N/A  ,N/A  ,N/A  ,N/A,N/A,N/A,N/A,N/A,N/A,26th Jun 14  ,10th Apr 18
285,My Style Studio: Hair Salon,WiiU,Cypronia  ,Unknown  ,N/A  ,N/A  ,N/A  ,N/A,N/A,N/A,N/A,N/A,N/A,27th Mar 14  ,N/A
286,Mystery Case Files: Retun to Ravenhearst,WiiU,Big Fish Games  ,Unknown  ,N/A  ,N/A  ,N/A  ,N/A,N/A,N/A,N/A,N/A,N/A,24th Apr 14  ,N/A
287,Nano Assault Neo,WiiU,Shin'en Multimedia  ,Shin'en Multimedia  ,N/A  ,6.5  ,N/A  ,N/A,N/A,N/A,N/A,N/A,N/A,18th Nov 12  ,13th Sep 20
288,Nero,WiiU,Game Grinder  ,Game Grinder  ,N/A  ,N/A  ,N/A  ,N/A,N/A,N/A,N/A,N/A,N/A,01st Jan 16  ,N/A
289,NES Remix 2,WiiU,Nintendo  ,Nintendo  ,N/A  ,N/A  ,N/A  ,N/A,N/A,N/A,N/A,N/A,N/A,25th Apr 14  ,28th Aug 18
290,Oddworld: Abe's Oddysee New N' Tasty!,WiiU,Oddworld Inhabitants  ,Unknown  ,N/A  ,N/A  ,N/A  ,N/A,N/A,N/A,N/A,N/A,N/A,31st Dec 20  ,N/A
291,Percy's Predicament,WiiU,Maestro Interactive Games  ,Unknown  ,N/A  ,N/A  ,N/A  ,N/A,N/A,N/A,N/A,N/A,N/A,07th Feb 14  ,N/A
292,Pier Solar and the Great Architects,WiiU,WaterMelon  ,WaterMelon Development  ,N/A  ,N/A  ,N/A  ,N/A,N/A,N/A,N/A,N/A,N/A,06th Nov 14  ,10th Apr 18
293,Plenty of Fishies,WiiU,Nitrolic Games  ,Nitrolic Games  ,N/A  ,N/A  ,N/A  ,N/A,N/A,N/A,N/A,N/A,N/A,18th Dec 14  ,N/A
294,POKER DICE SOLITAIRE FUTURE,WiiU,RCMADIAX  ,RCMADIAX  ,N/A  ,N/A  ,N/A  ,N/A,N/A,N/A,N/A,N/A,N/A,03rd Jul 14  ,05th Jan 18
295,Project Giant Robot,WiiU,Nintendo  ,Nintendo  ,N/A  ,N/A  ,N/A  ,N/A,N/A,N/A,N/A,N/A,N/A,31st Dec 17  ,N/A
296,Pure Chess,WiiU,Triniti Interactive  ,Unknown  ,N/A  ,N/A  ,N/A  ,N/A,N/A,N/A,N/A,N/A,N/A,20th Mar 14  ,N/A
297,Pushmo World,WiiU,Nintendo  ,Intelligent Systems  ,N/A  ,N/A  ,N/A  ,N/A,N/A,N/A,N/A,N/A,N/A,19th Jun 14  ,15th Apr 18
298,Razor Global Domination Pro Tour,WiiU,Renegade Kid  ,Unknown  ,N/A  ,N/A  ,N/A  ,N/A,N/A,N/A,N/A,N/A,N/A,01st Jan 16  ,N/A
299,Red Goddess,WiiU,Yanim Studio  ,Unknown  ,N/A  ,N/A  ,N/A  ,N/A,N/A,N/A,N/A,N/A,N/A,01st Jan 18  ,N/A
300,Renegade,WiiU,Arc System Works  ,Unknown  ,N/A  ,N/A  ,N/A  ,N/A,N/A,N/A,N/A,N/A,N/A,27th Feb 14  ,N/A
301,Rise of the Guardians: The Video Game,WiiU,D3Publisher  ,Unknown  ,N/A  ,N/A  ,N/A  ,N/A,N/A,N/A,N/A,N/A,N/A,04th Dec 12  ,N/A
302,River City Ransom,WiiU,Arc System Works  ,Technos Japan  ,N/A  ,N/A  ,N/A  ,N/A,N/A,N/A,N/A,N/A,N/A,23rd Apr 15  ,N/A
303,Runbow,WiiU,Nighthawk Interactive  ,13AM Games  ,N/A  ,N/A  ,N/A  ,N/A,N/A,N/A,N/A,N/A,N/A,01st Nov 16  ,N/A
304,RUSH,WiiU,Two Tribes  ,Unknown  ,N/A  ,N/A  ,N/A  ,N/A,N/A,N/A,N/A,N/A,N/A,12th Dec 13  ,N/A
305,Sadness,WiiU,Unknown  ,Unknown  ,N/A  ,N/A  ,N/A  ,N/A,N/A,N/A,N/A,N/A,N/A,01st Jan 16  ,N/A
306,Scram Kitty and his Buddy on Rails,WiiU,Dakko Dakko  ,Unknown  ,N/A  ,N/A  ,N/A  ,N/A,N/A,N/A,N/A,N/A,N/A,15th May 14  ,N/A
307,Shadow Puppeteer,WiiU,Unknown  ,Unknown  ,N/A  ,N/A  ,N/A  ,N/A,N/A,N/A,N/A,N/A,N/A,01st Jan 15  ,N/A
308,Shantae and the Pirate's Curse,WiiU,WayForward Technologies  ,WayForward Technologies  ,N/A  ,N/A  ,N/A  ,N/A,N/A,N/A,N/A,N/A,N/A,25th Dec 14  ,04th Jul 18
309,Shiftlings,WiiU,Sierra Entertainment  ,Rock Pocket Ltd  ,N/A  ,N/A  ,N/A  ,N/A,N/A,N/A,N/A,N/A,N/A,03rd Mar 15  ,N/A
310,Shin Megami Tensei,WiiU,Atlus  ,Unknown  ,N/A  ,N/A  ,N/A  ,N/A,N/A,N/A,N/A,N/A,N/A,03rd Jul 13  ,N/A
311,SHUT THE BOX,WiiU,RCMADIAX  ,RCMADIAX  ,N/A  ,N/A  ,N/A  ,N/A,N/A,N/A,N/A,N/A,N/A,07th Aug 14  ,06th Jan 18
312,Slender: The Arrival,WiiU,Unknown  ,Unknown  ,N/A  ,N/A  ,N/A  ,N/A,N/A,N/A,N/A,N/A,N/A,31st Dec 20  ,N/A
313,Soon Shine,WiiU,Dahku Creations  ,Dahku Creations  ,N/A  ,N/A  ,N/A  ,N/A,N/A,N/A,N/A,N/A,N/A,14th Aug 14  ,N/A
314,Soul Saga,WiiU,Disastercake  ,Unknown  ,N/A  ,N/A  ,N/A  ,N/A,N/A,N/A,N/A,N/A,N/A,01st Jan 15  ,N/A
315,Space City,WiiU,Natsume  ,Unknown  ,N/A  ,N/A  ,N/A  ,N/A,N/A,N/A,N/A,N/A,N/A,01st Jan 15  ,N/A
316,SPIKEY WALLS,WiiU,RCMADIAX  ,RCMADIAX  ,N/A  ,N/A  ,N/A  ,N/A,N/A,N/A,N/A,N/A,N/A,18th Sep 14  ,05th Jan 18
317,Spin the Bottle: Bumpie's Party,WiiU,KnapNok Games  ,Unknown  ,N/A  ,N/A  ,N/A  ,N/A,N/A,N/A,N/A,N/A,N/A,31st Dec 20  ,N/A
318,Spot the Differences: Party!,WiiU,Sanuk Games  ,Sanuk Games  ,N/A  ,N/A  ,N/A  ,N/A,N/A,N/A,N/A,N/A,N/A,05th Sep 13  ,N/A
319,Squids Odyssey,WiiU,The Game Bakers  ,Unknown  ,N/A  ,N/A  ,N/A  ,N/A,N/A,N/A,N/A,N/A,N/A,22nd May 14  ,N/A
320,Stealth Inc. 2,WiiU,Curve Studios  ,Unknown  ,N/A  ,N/A  ,N/A  ,N/A,N/A,N/A,N/A,N/A,N/A,23rd Oct 14  ,N/A
321,SteamWorld Dig: A Fistful of Dirt,WiiU,Image & Form Games  ,Image & Form Games  ,N/A  ,N/A  ,N/A  ,N/A,N/A,N/A,N/A,N/A,N/A,28th Aug 14  ,30th Aug 18
322,Stick It to the Man,WiiU,Zoink Games  ,Unknown  ,N/A  ,N/A  ,N/A  ,N/A,N/A,N/A,N/A,N/A,N/A,01st May 14  ,N/A
323,Street Fighter Alpha 2,WiiU,Capcom  ,Unknown  ,N/A  ,N/A  ,N/A  ,N/A,N/A,N/A,N/A,N/A,N/A,22nd May 14  ,N/A
324,Super Mario Bros.,WiiU,Nintendo  ,Unknown  ,N/A  ,N/A  ,N/A  ,N/A,N/A,N/A,N/A,N/A,N/A,19th Sep 13  ,N/A
325,Super Mario Bros. 3,WiiU,Nintendo  ,Unknown  ,N/A  ,N/A  ,N/A  ,N/A,N/A,N/A,N/A,N/A,N/A,17th Apr 14  ,N/A
326,Super Mario Bros.: The Lost Levels,WiiU,Nintendo  ,Nintendo  ,N/A  ,N/A  ,N/A  ,N/A,N/A,N/A,N/A,N/A,N/A,01st Oct 07  ,30th Aug 18
327,Super Mario World 2: Yoshi's Island,WiiU,Nintendo  ,Unknown  ,N/A  ,N/A  ,N/A  ,N/A,N/A,N/A,N/A,N/A,N/A,24th Apr 14  ,N/A
328,Super Toy Cars,WiiU,Eclipse Entertainment  ,Eclipse Entertainment  ,N/A  ,N/A  ,N/A  ,N/A,N/A,N/A,N/A,N/A,N/A,24th Jul 14  ,N/A
329,Swords & Soldiers II,WiiU,Ronimo Games  ,Unknown  ,N/A  ,N/A  ,N/A  ,N/A,N/A,N/A,N/A,N/A,N/A,31st Dec 20  ,N/A
330,Swords & Soldiers,WiiU,Ronimo Games  ,Unknown  ,N/A  ,N/A  ,N/A  ,N/A,N/A,N/A,N/A,N/A,N/A,22nd May 14  ,N/A
331,Tengami,WiiU,Nyamyam  ,Unknown  ,N/A  ,N/A  ,N/A  ,N/A,N/A,N/A,N/A,N/A,N/A,01st Jan 15  ,N/A
332,The Binding of Isaac: Rebirth,WiiU,Nicalis  ,Nicalis  ,N/A  ,N/A  ,N/A  ,N/A,N/A,N/A,N/A,N/A,N/A,23rd Jul 15  ,06th Aug 18
333,The Cave,WiiU,Double Fine Productions  ,Unknown  ,N/A  ,N/A  ,N/A  ,N/A,N/A,N/A,N/A,N/A,N/A,22nd Jan 13  ,N/A
334,The Fall,WiiU,Over The Moon  ,Unknown  ,N/A  ,N/A  ,N/A  ,N/A,N/A,N/A,N/A,N/A,N/A,28th Aug 14  ,N/A
335,The Girl and the Robot,WiiU,Unknown  ,Unknown  ,N/A  ,N/A  ,N/A  ,N/A,N/A,N/A,N/A,N/A,N/A,01st Jan 15  ,N/A
336,The Legend of Zelda: The Minish Cap,WiiU,Nintendo  ,Unknown  ,N/A  ,N/A  ,N/A  ,N/A,N/A,N/A,N/A,N/A,N/A,05th Jun 14  ,N/A
337,The Letter,WiiU,TreeFall Studios  ,TreeFall Studios  ,N/A  ,N/A  ,N/A  ,N/A,N/A,N/A,N/A,N/A,N/A,10th Jul 14  ,03rd Jan 18
338,The Mysterious Cities of Gold: Secret Paths,WiiU,Unknown  ,Unknown  ,N/A  ,N/A  ,N/A  ,N/A,N/A,N/A,N/A,N/A,N/A,21st Nov 13  ,N/A
339,The Rainbow Colored Deer Games,WiiU,Isayonline Services  ,Unknown  ,N/A  ,N/A  ,N/A  ,N/A,N/A,N/A,N/A,N/A,N/A,01st Jan 15  ,N/A
340,The Swapper,WiiU,Facepalm Games  ,Facepalm Games  ,N/A  ,N/A  ,N/A  ,N/A,N/A,N/A,N/A,N/A,N/A,06th Nov 14  ,N/A
341,The Ugly Duckling Games by eBo,WiiU,Line One Games  ,Unknown  ,N/A  ,N/A  ,N/A  ,N/A,N/A,N/A,N/A,N/A,N/A,01st Jan 15  ,N/A
342,Toki Tori 2,WiiU,Two Tribes  ,Unknown  ,N/A  ,N/A  ,N/A  ,N/A,N/A,N/A,N/A,N/A,N/A,04th Apr 13  ,N/A
343,Tom Clancy's Rainbow Six Vegas 2 / Ghost Recon AW,WiiU,Ubisoft  ,Unknown  ,N/A  ,N/A  ,N/A  ,N/A,N/A,N/A,N/A,N/A,N/A,31st Dec 20  ,N/A
344,Trine Enchanted Edition,WiiU,Frozenbyte  ,Frozenbyte  ,N/A  ,N/A  ,N/A  ,N/A,N/A,N/A,N/A,N/A,N/A,12th Mar 15  ,17th Nov 18
345,Two Brothers,WiiU,Ackkstudios  ,Ackk Studios  ,N/A  ,N/A  ,N/A  ,N/A,N/A,N/A,N/A,N/A,N/A,01st Jan 15  ,02nd Aug 18
346,Ufouria: The Saga,WiiU,Sunsoft  ,SunSoft  ,N/A  ,N/A  ,N/A  ,N/A,N/A,N/A,N/A,N/A,N/A,24th Jul 14  ,N/A
347,Uncharted Waters: New Horizons,WiiU,Tecmo Koei  ,Unknown  ,N/A  ,N/A  ,N/A  ,N/A,N/A,N/A,N/A,N/A,N/A,14th Nov 13  ,N/A
348,Unepic,WiiU,EnjoyUp Games  ,Unknown  ,N/A  ,N/A  ,N/A  ,N/A,N/A,N/A,N/A,N/A,N/A,16th Jan 14  ,N/A
349,Volleyball,WiiU,Nintendo  ,Unknown  ,N/A  ,N/A  ,N/A  ,N/A,N/A,N/A,N/A,N/A,N/A,20th Mar 14  ,N/A
350,Wario Land 4,WiiU,Nintendo  ,Unknown  ,N/A  ,N/A  ,N/A  ,N/A,N/A,N/A,N/A,N/A,N/A,08th May 14  ,N/A
351,"WarioWare, Inc.: Mega MicroGame$",WiiU,Nintendo  ,Unknown  ,N/A  ,N/A  ,N/A  ,N/A,N/A,N/A,N/A,N/A,N/A,10th Apr 14  ,N/A
352,Wii Karaoke U by JOYSOUND,WiiU,Nintendo  ,TOSE  ,N/A  ,N/A  ,N/A  ,N/A,N/A,N/A,N/A,N/A,N/A,08th Dec 12  ,28th Aug 18
353,WonderFlick,WiiU,Level 5  ,Unknown  ,N/A  ,N/A  ,N/A  ,N/A,N/A,N/A,N/A,N/A,N/A,01st Jan 15  ,N/A
354,Wooden Sen'SeY,WiiU,Neko Entertainment  ,Unknown  ,N/A  ,N/A  ,N/A  ,N/A,N/A,N/A,N/A,N/A,N/A,24th Jul 14  ,05th Jan 18
355,World to the West,WiiU,Rain Games  ,Rain Games  ,N/A  ,N/A  ,N/A  ,N/A,N/A,N/A,N/A,N/A,N/A,31st Dec 18  ,07th Sep 18
356,XType Plus,WiiU,PhobosLab  ,PhobosLab  ,N/A  ,N/A  ,N/A  ,N/A,N/A,N/A,N/A,N/A,N/A,14th Aug 14  ,N/A
357,Yooka-Laylee,WiiU,Team17 Software  ,Playtonic Games  ,N/A  ,N/A  ,N/A  ,N/A,N/A,N/A,N/A,N/A,N/A,01st Jan 17  ,N/A
358,ZaciSa's Last Stand,WiiU,ZeNfA Productions  ,ZeNfA Productions  ,N/A  ,N/A  ,N/A  ,N/A,N/A,N/A,N/A,N/A,N/A,03rd Jul 14  ,N/A
359,Zen Pinball 2,WiiU,Zen Studios  ,Unknown  ,N/A  ,N/A  ,N/A  ,N/A,N/A,N/A,N/A,N/A,N/A,21st Mar 13  ,N/A
360,Ogre Battle 64: Person of Lordly Caliber Available now,WiiU,Unknown  ,TBD  ,N/A  ,N/A  ,N/A  ,N/A,N/A,N/A,N/A,N/A,N/A,N/A  ,25th Aug 20
361,140,WiiU,Unknown  ,Double Fine Productions  ,N/A  ,N/A  ,N/A  ,N/A,N/A,N/A,N/A,N/A,N/A,N/A  ,19th Aug 20
362,153 Hand Video Poker,WiiU,Unknown  ,Skunk Software  ,N/A  ,N/A  ,N/A  ,N/A,N/A,N/A,N/A,N/A,N/A,N/A  ,19th Aug 20
363,3Souls,WiiU,Unknown  ,Red Column  ,N/A  ,N/A  ,N/A  ,N/A,N/A,N/A,N/A,N/A,N/A,N/A  ,19th Aug 20
364,8Bit Hero,WiiU,Unknown  ,Sean Garland  ,N/A  ,N/A  ,N/A  ,N/A,N/A,N/A,N/A,N/A,N/A,N/A  ,19th Aug 20
365,99Moves,WiiU,Unknown  ,EnjoyUp Games  ,N/A  ,N/A  ,N/A  ,N/A,N/A,N/A,N/A,N/A,N/A,N/A  ,05th Jan 18
366,99Seconds,WiiU,Unknown  ,EnjoyUp Games  ,N/A  ,N/A  ,N/A  ,N/A,N/A,N/A,N/A,N/A,N/A,N/A  ,05th Jan 18
367,A Day at the Carnival,WiiU,Unknown  ,TBD  ,N/A  ,N/A  ,N/A  ,N/A,N/A,N/A,N/A,N/A,N/A,N/A  ,25th Aug 20
368,A World of Keflings,WiiU,Unknown  ,NinjaBee  ,N/A  ,N/A  ,N/A  ,N/A,N/A,N/A,N/A,N/A,N/A,N/A  ,05th Jan 18
369,Absolutely Unstoppable MineRun,WiiU,Unknown  ,Shy Egg  ,N/A  ,N/A  ,N/A  ,N/A,N/A,N/A,N/A,N/A,N/A,N/A  ,19th Aug 20
370,ACE - Alien Cleanup Elite,WiiU,Unknown  ,TBD  ,N/A  ,N/A  ,N/A  ,N/A,N/A,N/A,N/A,N/A,N/A,N/A  ,25th Aug 20
371,Advance Wars: Dual Strike,WiiU,Unknown  ,Intelligent Systems  ,N/A  ,N/A  ,N/A  ,N/A,N/A,N/A,N/A,N/A,N/A,N/A  ,25th Aug 20
372,Air Zonk,WiiU,Unknown  ,TBD  ,N/A  ,N/A  ,N/A  ,N/A,N/A,N/A,N/A,N/A,N/A,N/A  ,25th Aug 20
373,Alien Crush,WiiU,Unknown  ,TBD  ,N/A  ,N/A  ,N/A  ,N/A,N/A,N/A,N/A,N/A,N/A,N/A  ,25th Aug 20
374,Angry Birds Trilogy,WiiU,"Activision Publishing, Inc.  ",Rovio Mobile Ltd.  ,N/A  ,N/A  ,N/A  ,N/A,N/A,N/A,N/A,N/A,N/A,13th Aug 13  ,27th Oct 18
375,Animal Gods,WiiU,Unknown  ,TBD  ,N/A  ,N/A  ,N/A  ,N/A,N/A,N/A,N/A,N/A,N/A,N/A  ,25th Aug 20
376,Annihilation,WiiU,Unknown  ,TreeFall Studios  ,N/A  ,N/A  ,N/A  ,N/A,N/A,N/A,N/A,N/A,N/A,N/A  ,25th Aug 20
377,Aqua TV,WiiU,Unknown  ,TBD  ,N/A  ,N/A  ,N/A  ,N/A,N/A,N/A,N/A,N/A,N/A,N/A  ,25th Aug 20
378,Armored ACORNs: Action Squirrel Squad,WiiU,Unknown  ,TBD  ,N/A  ,N/A  ,N/A  ,N/A,N/A,N/A,N/A,N/A,N/A,N/A  ,25th Aug 20
379,Azure Snake,WiiU,RandomSpin  ,RandomSpin  ,N/A  ,N/A  ,N/A  ,N/A,N/A,N/A,N/A,N/A,N/A,24th Jan 19  ,05th Oct 20
380,Back to Bed,WiiU,Unknown  ,Bedtime Digital Games  ,N/A  ,N/A  ,N/A  ,N/A,N/A,N/A,N/A,N/A,N/A,N/A  ,25th Aug 20
381,Balloon Fight,WiiU,Nintendo  ,Nintendo  ,N/A  ,N/A  ,N/A  ,N/A,N/A,N/A,N/A,N/A,N/A,26th Apr 16  ,30th Aug 18
382,Battle Chopper,WiiU,Unknown  ,Konami  ,N/A  ,N/A  ,N/A  ,N/A,N/A,N/A,N/A,N/A,N/A,N/A  ,25th Aug 20
383,BATTLE LODE RUNNER,WiiU,Unknown  ,Kaasa Solution  ,N/A  ,N/A  ,N/A  ,N/A,N/A,N/A,N/A,N/A,N/A,N/A  ,25th Aug 20
384,Bayonetta,WiiU,Nintendo  ,PlatinumGames  ,N/A  ,N/A  ,N/A  ,N/A,N/A,N/A,N/A,N/A,N/A,24th Oct 14  ,02nd Aug 20
385,Bigley's Revenge,WiiU,Unknown  ,Ninja Pig Studios  ,N/A  ,N/A  ,3.9  ,N/A,N/A,N/A,N/A,N/A,N/A,07th Jan 16  ,03rd Jan 18
386,Blazing Lazers,WiiU,Unknown  ,TBD  ,N/A  ,N/A  ,N/A  ,N/A,N/A,N/A,N/A,N/A,N/A,N/A  ,25th Aug 20
387,Block Zombies!,WiiU,Unknown  ,TBD  ,N/A  ,N/A  ,N/A  ,N/A,N/A,N/A,N/A,N/A,N/A,N/A  ,25th Aug 20
388,Blok Drop X Twisted Fusion,WiiU,RCMADIAX  ,RCMADIAX  ,N/A  ,N/A  ,N/A  ,N/A,N/A,N/A,N/A,N/A,N/A,18th Dec 14  ,07th Jan 18
389,Bomberman '93,WiiU,Unknown  ,Konami  ,N/A  ,N/A  ,N/A  ,N/A,N/A,N/A,N/A,N/A,N/A,N/A  ,25th Aug 20
390,BOMBERMAN '94,WiiU,Unknown  ,TBD  ,N/A  ,N/A  ,N/A  ,N/A,N/A,N/A,N/A,N/A,N/A,N/A  ,25th Aug 20
391,Bomberman 64,WiiU,Unknown  ,TBD  ,N/A  ,N/A  ,N/A  ,N/A,N/A,N/A,N/A,N/A,N/A,N/A  ,25th Aug 20
392,Bomberman Panic Bomber,WiiU,Unknown  ,Konami  ,N/A  ,N/A  ,N/A  ,N/A,N/A,N/A,N/A,N/A,N/A,N/A  ,25th Aug 20
393,BONK 3 Bonk's Big Adventure,WiiU,Unknown  ,TBD  ,N/A  ,N/A  ,N/A  ,N/A,N/A,N/A,N/A,N/A,N/A,N/A  ,25th Aug 20
394,Bonk's Revenge,WiiU,Unknown  ,TBD  ,N/A  ,N/A  ,N/A  ,N/A,N/A,N/A,N/A,N/A,N/A,N/A  ,25th Aug 20
395,BOX UP,WiiU,Unknown  ,RCMADIAX  ,N/A  ,N/A  ,N/A  ,N/A,N/A,N/A,N/A,N/A,N/A,N/A  ,25th Aug 20
396,Break in,WiiU,Unknown  ,Konami  ,N/A  ,N/A  ,N/A  ,N/A,N/A,N/A,N/A,N/A,N/A,N/A  ,25th Aug 20
397,BRICK RACE,WiiU,Unknown  ,RCMADIAX  ,N/A  ,N/A  ,N/A  ,N/A,N/A,N/A,N/A,N/A,N/A,N/A  ,25th Aug 20
398,Bridge Constructor Playground,WiiU,Unknown  ,TBD  ,N/A  ,N/A  ,N/A  ,N/A,N/A,N/A,N/A,N/A,N/A,N/A  ,25th Aug 20
399,Color Bombs,WiiU,RCMADIAX  ,RCMADIAX  ,N/A  ,N/A  ,N/A  ,N/A,N/A,N/A,N/A,N/A,N/A,22nd Oct 15  ,07th Jan 18
400,CRYSTORLD,WiiU,TOYURO  ,TOYURO  ,N/A  ,N/A  ,N/A  ,N/A,N/A,N/A,N/A,N/A,N/A,12th Mar 20  ,16th Sep 20
401,Cubeshift,WiiU,Unknown  ,TBD  ,N/A  ,N/A  ,N/A  ,N/A,N/A,N/A,N/A,N/A,N/A,N/A  ,25th Aug 20
402,Cup Critters,WiiU,Unknown  ,RCMADIAX  ,N/A  ,N/A  ,N/A  ,N/A,N/A,N/A,N/A,N/A,N/A,N/A  ,17th Jan 18
403,Daikon Set,WiiU,Unknown  ,TBD  ,N/A  ,N/A  ,N/A  ,N/A,N/A,N/A,N/A,N/A,N/A,N/A  ,25th Aug 20
404,DETANA TWIN BEE,WiiU,Unknown  ,TBD  ,N/A  ,N/A  ,N/A  ,N/A,N/A,N/A,N/A,N/A,N/A,N/A  ,25th Aug 20
405,Devil's Crush,WiiU,Unknown  ,TBD  ,N/A  ,N/A  ,N/A  ,N/A,N/A,N/A,N/A,N/A,N/A,N/A  ,25th Aug 20
406,Digital Champ Battle Boxing,WiiU,Unknown  ,TBD  ,N/A  ,N/A  ,N/A  ,N/A,N/A,N/A,N/A,N/A,N/A,N/A  ,25th Aug 20
407,Discovery,WiiU,Unknown  ,noowanda  ,N/A  ,N/A  ,N/A  ,N/A,N/A,N/A,N/A,N/A,N/A,N/A  ,05th Jan 18
408,Don't Crash,WiiU,RCMADIAX  ,RCMADIAX  ,N/A  ,N/A  ,N/A  ,N/A,N/A,N/A,N/A,N/A,N/A,09th Jul 15  ,07th Jan 18
409,Double Dungeons,WiiU,Unknown  ,TBD  ,N/A  ,N/A  ,N/A  ,N/A,N/A,N/A,N/A,N/A,N/A,N/A  ,25th Aug 20
410,Dragon Quest X: All in One Package Ver.1-4,WiiU,Square Enix  ,Square Enix  ,N/A  ,N/A  ,N/A  ,N/A,N/A,N/A,N/A,N/A,N/A,26th Jul 18  ,15th Sep 18
411,Draw a Stickman: EPIC 2,WiiU,Unknown  ,Hitcents  ,N/A  ,N/A  ,N/A  ,N/A,N/A,N/A,N/A,N/A,N/A,N/A  ,15th Mar 18
412,Drop It: Block Paradise,WiiU,ZeNfA Productions  ,ZeNfA Productions  ,N/A  ,N/A  ,N/A  ,N/A,N/A,N/A,N/A,N/A,N/A,25th Dec 19  ,20th Sep 20
413,Dungeon Explorer,WiiU,Unknown  ,TBD  ,N/A  ,N/A  ,N/A  ,N/A,N/A,N/A,N/A,N/A,N/A,N/A  ,25th Aug 20
414,Dying is Dangerous,WiiU,CarbonFire Studio  ,Jerome Labbe  ,N/A  ,N/A  ,N/A  ,N/A,N/A,N/A,N/A,N/A,N/A,14th May 20  ,16th Sep 20
415,Earthlock: Festival of Magic,WiiU,Snowcastle Games  ,Snowcastle Games  ,N/A  ,N/A  ,N/A  ,N/A,N/A,N/A,N/A,N/A,N/A,14th Sep 17  ,10th Jan 18
416,Eba & Egg: A Hatch Trip,WiiU,Unknown  ,TBD  ,N/A  ,N/A  ,N/A  ,N/A,N/A,N/A,N/A,N/A,N/A,N/A  ,25th Aug 20
417,El Silla - Arcade Edition,WiiU,Markanime Studios  ,Markanime Studios  ,N/A  ,N/A  ,N/A  ,N/A,N/A,N/A,N/A,N/A,N/A,15th Apr 19  ,20th Sep 20
418,Excitebots: Trick Racing,WiiU,Unknown  ,Nintendo  ,N/A  ,N/A  ,N/A  ,N/A,N/A,N/A,N/A,N/A,N/A,N/A  ,25th Aug 20
419,Exile's End,WiiU,Unknown  ,TBD  ,N/A  ,N/A  ,N/A  ,N/A,N/A,N/A,N/A,N/A,N/A,N/A  ,25th Aug 20
420,F-Zero X,WiiU,Unknown  ,Nintendo  ,N/A  ,N/A  ,N/A  ,N/A,N/A,N/A,N/A,N/A,N/A,N/A  ,25th Aug 20
421,Family Party: 30 Great Games Obstacle Arcade,WiiU,D3 Publisher  ,Art Co. Ltd.  ,N/A  ,N/A  ,N/A  ,N/A,N/A,N/A,N/A,N/A,N/A,04th Dec 12  ,15th Sep 20
422,Fat Dragons,WiiU,Undefined  ,Undefined  ,N/A  ,N/A  ,N/A  ,N/A,N/A,N/A,N/A,N/A,N/A,22nd Feb 18  ,06th Oct 20
423,FIFTEEN,WiiU,Unknown  ,RCMADIAX  ,N/A  ,N/A  ,N/A  ,N/A,N/A,N/A,N/A,N/A,N/A,N/A  ,25th Aug 20
424,Final Soldier,WiiU,Unknown  ,TBD  ,N/A  ,N/A  ,N/A  ,N/A,N/A,N/A,N/A,N/A,N/A,N/A  ,25th Aug 20
425,Flying Warriors,WiiU,Unknown  ,Culture Brain  ,N/A  ,N/A  ,N/A  ,N/A,N/A,N/A,N/A,N/A,N/A,N/A  ,25th Aug 20
426,Freedom Planet,WiiU,Galaxy Trail  ,Galaxy Trail  ,N/A  ,N/A  ,N/A  ,N/A,N/A,N/A,N/A,N/A,N/A,01st Oct 15  ,21st Jan 18
427,FreezeMe,WiiU,Unknown  ,Rainy Night Creations  ,N/A  ,N/A  ,N/A  ,N/A,N/A,N/A,N/A,N/A,N/A,N/A  ,05th Jan 18
428,Galaxy Blaster,WiiU,Unknown  ,RCMADIAX  ,N/A  ,N/A  ,N/A  ,N/A,N/A,N/A,N/A,N/A,N/A,N/A  ,17th Jan 18
429,Ghost Blade HD,WiiU,Unknown  ,TBD  ,N/A  ,N/A  ,N/A  ,N/A,N/A,N/A,N/A,N/A,N/A,N/A  ,25th Aug 20
430,Gradius,WiiU,Unknown  ,TBD  ,N/A  ,N/A  ,N/A  ,N/A,N/A,N/A,N/A,N/A,N/A,N/A  ,25th Aug 20
431,Gunman Clive HD Collection,WiiU,Horberg Productions  ,Horberg Productions  ,N/A  ,N/A  ,N/A  ,N/A,N/A,N/A,N/A,N/A,N/A,03rd Sep 15  ,12th Apr 18
432,Harvest Moon 64,WiiU,Unknown  ,TBD  ,N/A  ,N/A  ,N/A  ,N/A,N/A,N/A,N/A,N/A,N/A,N/A  ,25th Aug 20
433,HIVE JUMP,WiiU,Unknown  ,TBD  ,N/A  ,N/A  ,N/A  ,N/A,N/A,N/A,N/A,N/A,N/A,N/A  ,25th Aug 20
434,Horror Stories,WiiU,VADIM GAFTON  ,RandomSpin  ,N/A  ,N/A  ,N/A  ,N/A,N/A,N/A,N/A,N/A,N/A,04th Jul 19  ,20th Sep 20
435,I C REDD,WiiU,RCMADIAX  ,RCMADIAX  ,N/A  ,N/A  ,N/A  ,N/A,N/A,N/A,N/A,N/A,N/A,02nd Feb 17  ,05th Jan 18
436,IMAGEFIGHT,WiiU,Konami  ,Konami  ,N/A  ,N/A  ,N/A  ,N/A,N/A,N/A,N/A,N/A,N/A,08th Feb 18  ,06th Oct 20
437,IMAGEFIGHT 2,WiiU,Konami  ,Konami  ,N/A  ,N/A  ,N/A  ,N/A,N/A,N/A,N/A,N/A,N/A,08th Feb 18  ,06th Oct 20
438,Infinity Runner,WiiU,Wales Interactive Ltd.  ,Wales Interactive Ltd.  ,N/A  ,N/A  ,N/A  ,N/A,N/A,N/A,N/A,N/A,N/A,15th Mar 16  ,08th Aug 18
439,Jeopardy!,WiiU,THQ  ,Pipeworks Software  ,N/A  ,N/A  ,N/A  ,N/A,N/A,N/A,N/A,N/A,N/A,14th Dec 12  ,15th Sep 20
440,Jolt Family Robot Racer,WiiU,Unknown  ,TBD  ,N/A  ,N/A  ,N/A  ,N/A,N/A,N/A,N/A,N/A,N/A,N/A  ,25th Aug 20
441,Jotun: Valhalla Edition,WiiU,Unknown  ,Thunder Lotus Games  ,N/A  ,N/A  ,N/A  ,N/A,N/A,N/A,N/A,N/A,N/A,N/A  ,06th Jan 18
442,Koi DX,WiiU,Unknown  ,TBD  ,N/A  ,N/A  ,N/A  ,N/A,N/A,N/A,N/A,N/A,N/A,N/A  ,25th Aug 20
443,Kung-Fu Heroes,WiiU,Unknown  ,Culture Brain  ,N/A  ,N/A  ,N/A  ,N/A,N/A,N/A,N/A,N/A,N/A,N/A  ,25th Aug 20
444,Legend of Hero Tonma,WiiU,Unknown  ,TBD  ,N/A  ,N/A  ,N/A  ,N/A,N/A,N/A,N/A,N/A,N/A,N/A  ,25th Aug 20
445,Little Inferno,WiiU,Tomorrow Corporation  ,Tomorrow Corporation  ,N/A  ,8.0  ,N/A  ,N/A,N/A,N/A,N/A,N/A,N/A,18th Nov 12  ,14th Sep 20
446,Little Ninja Brothers,WiiU,Unknown  ,Culture Brain  ,N/A  ,N/A  ,N/A  ,N/A,N/A,N/A,N/A,N/A,N/A,N/A  ,25th Aug 20
447,Lords Of Thunder,WiiU,Unknown  ,TBD  ,N/A  ,N/A  ,N/A  ,N/A,N/A,N/A,N/A,N/A,N/A,N/A  ,25th Aug 20
448,Lovely Planet,WiiU,TinyBuild Games  ,QUICKTEQUILA  ,N/A  ,N/A  ,N/A  ,N/A,N/A,N/A,N/A,N/A,N/A,05th Apr 16  ,08th Aug 18
449,Mahjong Deluxe 3,WiiU,Unknown  ,TBD  ,N/A  ,N/A  ,N/A  ,N/A,N/A,N/A,N/A,N/A,N/A,N/A  ,25th Aug 20
450,Mario Kart 64,WiiU,Unknown  ,Nintendo  ,N/A  ,N/A  ,N/A  ,N/A,N/A,N/A,N/A,N/A,N/A,N/A  ,25th Aug 20
451,Mario Party 2,WiiU,Unknown  ,Nintendo  ,N/A  ,N/A  ,N/A  ,N/A,N/A,N/A,N/A,N/A,N/A,N/A  ,25th Aug 20
452,Mario vs Donkey Kong,WiiU,Unknown  ,Nintendo  ,N/A  ,N/A  ,N/A  ,N/A,N/A,N/A,N/A,N/A,N/A,N/A  ,25th Aug 20
453,Masked Forces,WiiU,R.G.B. SRL  ,R.G.B.  ,N/A  ,N/A  ,N/A  ,N/A,N/A,N/A,N/A,N/A,N/A,31st May 18  ,05th Oct 20
454,Maze,WiiU,Unknown  ,TreeFall Studios  ,N/A  ,N/A  ,N/A  ,N/A,N/A,N/A,N/A,N/A,N/A,N/A  ,05th Jan 18
455,Maze Break,WiiU,Unknown  ,TBD  ,N/A  ,N/A  ,N/A  ,N/A,N/A,N/A,N/A,N/A,N/A,N/A  ,25th Aug 20
456,Meme Run,WiiU,Unknown  ,Ninja Pig Studios  ,N/A  ,N/A  ,4.1  ,N/A,N/A,N/A,N/A,N/A,N/A,N/A  ,02nd Feb 18
457,Metroid: Other M,WiiU,Unknown  ,Team Ninja  ,N/A  ,N/A  ,N/A  ,N/A,N/A,N/A,N/A,N/A,N/A,N/A  ,25th Aug 20
458,Miko Mole,WiiU,Unknown  ,TBD  ,N/A  ,N/A  ,N/A  ,N/A,N/A,N/A,N/A,N/A,N/A,N/A  ,25th Aug 20
459,MOP: Operation Cleanup,WiiU,Unknown  ,TBD  ,N/A  ,N/A  ,N/A  ,N/A,N/A,N/A,N/A,N/A,N/A,N/A  ,25th Aug 20
460,MOTOROADER,WiiU,Unknown  ,TBD  ,N/A  ,N/A  ,N/A  ,N/A,N/A,N/A,N/A,N/A,N/A,N/A  ,25th Aug 20
461,Mountain Peak Battle Mess,WiiU,VADIM GAFTON  ,RandomSpin  ,N/A  ,N/A  ,N/A  ,N/A,N/A,N/A,N/A,N/A,N/A,24th Oct 19  ,20th Sep 20
462,Mutant Alien Moles of the Dead,WiiU,Unknown  ,EnjoyUp Games  ,N/A  ,N/A  ,N/A  ,N/A,N/A,N/A,N/A,N/A,N/A,N/A  ,25th Aug 20
463,NECROMANCER,WiiU,Konami  ,Konami  ,N/A  ,N/A  ,N/A  ,N/A,N/A,N/A,N/A,N/A,N/A,01st Feb 18  ,06th Oct 20
464,NEUTOPIA,WiiU,Unknown  ,TBD  ,N/A  ,N/A  ,N/A  ,N/A,N/A,N/A,N/A,N/A,N/A,N/A  ,25th Aug 20
465,NEUTOPIA II,WiiU,Unknown  ,TBD  ,N/A  ,N/A  ,N/A  ,N/A,N/A,N/A,N/A,N/A,N/A,N/A  ,25th Aug 20
466,Ninja Spirit,WiiU,Unknown  ,TBD  ,N/A  ,N/A  ,N/A  ,N/A,N/A,N/A,N/A,N/A,N/A,N/A  ,25th Aug 20
467,Octodad: Dadliest Catch,WiiU,Young Horses  ,Young Horses  ,N/A  ,N/A  ,N/A  ,N/A,N/A,N/A,N/A,N/A,N/A,29th Nov 15  ,06th Sep 19
468,OlliOlli,WiiU,Curve Digital  ,Roll7  ,N/A  ,N/A  ,N/A  ,N/A,N/A,N/A,N/A,N/A,N/A,05th Mar 15  ,05th Apr 19
469,ORBIT,WiiU,Unknown  ,RCMADIAX  ,N/A  ,N/A  ,N/A  ,N/A,N/A,N/A,N/A,N/A,N/A,N/A  ,25th Aug 20
470,Panda Love,WiiU,RCMADIAX  ,RCMADIAX  ,N/A  ,N/A  ,N/A  ,N/A,N/A,N/A,N/A,N/A,N/A,01st Sep 16  ,06th Jan 18
471,PENTAPUZZLE,WiiU,RCMADIAX  ,RCMADIAX  ,N/A  ,N/A  ,N/A  ,N/A,N/A,N/A,N/A,N/A,N/A,19th Mar 15  ,07th Jan 18
472,Pic-a-Pix Color,WiiU,Unknown  ,Lightwood Games  ,N/A  ,N/A  ,N/A  ,N/A,N/A,N/A,N/A,N/A,N/A,N/A  ,25th Aug 20
473,Picross 3D,WiiU,Unknown  ,TBD  ,N/A  ,N/A  ,N/A  ,N/A,N/A,N/A,N/A,N/A,N/A,N/A  ,25th Aug 20
474,Pikmin 2,WiiU,Unknown  ,Nintendo  ,N/A  ,N/A  ,N/A  ,N/A,N/A,N/A,N/A,N/A,N/A,N/A  ,25th Aug 20
475,PINBALL,WiiU,Unknown  ,RCMADIAX  ,N/A  ,N/A  ,N/A  ,N/A,N/A,N/A,N/A,N/A,N/A,N/A  ,25th Aug 20
476,Pixel Slime U,WiiU,RCMADIAX  ,RCMADIAX  ,N/A  ,N/A  ,N/A  ,N/A,N/A,N/A,N/A,N/A,N/A,27th Aug 15  ,11th Jan 18
477,PixelMaker Studio,WiiU,Unknown  ,TBD  ,N/A  ,N/A  ,N/A  ,N/A,N/A,N/A,N/A,N/A,N/A,21st Mar 19  ,27th Sep 20
478,Plantera,WiiU,Unknown  ,Ratalaika Games  ,N/A  ,N/A  ,N/A  ,N/A,N/A,N/A,N/A,N/A,N/A,N/A  ,25th Aug 20
479,Pok√©mon Snap,WiiU,Unknown  ,TBD  ,N/A  ,N/A  ,N/A  ,N/A,N/A,N/A,N/A,N/A,N/A,N/A  ,25th Aug 20
480,Power Golf,WiiU,Unknown  ,TBD  ,N/A  ,N/A  ,N/A  ,N/A,N/A,N/A,N/A,N/A,N/A,N/A  ,25th Aug 20
481,Preston Sterling,WiiU,Unknown  ,Animation Arts  ,N/A  ,N/A  ,N/A  ,N/A,N/A,N/A,N/A,N/A,N/A,N/A  ,25th Aug 20
482,RADIANTFLUX: HYPERFRACTAL,WiiU,Unknown  ,TACS Games  ,N/A  ,N/A  ,N/A  ,N/A,N/A,N/A,N/A,N/A,N/A,N/A  ,25th Aug 20
483,Rainbow Snake,WiiU,RandomSpin  ,RandomSpin  ,N/A  ,N/A  ,N/A  ,N/A,N/A,N/A,N/A,N/A,N/A,03rd May 18  ,05th Oct 20
484,Rapala Pro Bass Fishing,WiiU,"Activision Publishing, Inc.  ",FUN Labs  ,N/A  ,N/A  ,N/A  ,N/A,N/A,N/A,N/A,N/A,N/A,04th Dec 12  ,15th Sep 20
485,Rayman 3,WiiU,Unknown  ,TBD  ,N/A  ,N/A  ,N/A  ,N/A,N/A,N/A,N/A,N/A,N/A,N/A  ,25th Aug 20
486,Rayman Advance,WiiU,Unknown  ,TBD  ,N/A  ,N/A  ,N/A  ,N/A,N/A,N/A,N/A,N/A,N/A,N/A  ,25th Aug 20
487,Rayman Raving Rabbids,WiiU,Unknown  ,TBD  ,N/A  ,N/A  ,N/A  ,N/A,N/A,N/A,N/A,N/A,N/A,N/A  ,25th Aug 20
488,Regina & Mac,WiiU,Diplodocus Games  ,Diplodocus Games  ,N/A  ,N/A  ,N/A  ,N/A,N/A,N/A,N/A,N/A,N/A,16th Jan 20  ,20th Sep 20
489,Revenant Saga,WiiU,Unknown  ,Exe Create Inc.  ,N/A  ,N/A  ,N/A  ,N/A,N/A,N/A,N/A,N/A,N/A,N/A  ,25th Aug 20
490,Roving Rogue,WiiU,Unknown  ,Padaone Games  ,N/A  ,N/A  ,N/A  ,N/A,N/A,N/A,N/A,N/A,N/A,N/A  ,05th Jan 18
491,RTO,WiiU,Unknown  ,TBD  ,N/A  ,N/A  ,N/A  ,N/A,N/A,N/A,N/A,N/A,N/A,N/A  ,25th Aug 20
492,RTO 2,WiiU,nuGAME  ,nuGAME  ,N/A  ,N/A  ,N/A  ,N/A,N/A,N/A,N/A,N/A,N/A,01st Mar 18  ,05th Oct 20
493,SCOOP! Around the World in 80 Spaces,WiiU,BNC Design Studios  ,BNC Design Studios  ,N/A  ,N/A  ,N/A  ,N/A,N/A,N/A,N/A,N/A,N/A,13th Jun 19  ,20th Sep 20
494,Scribble,WiiU,Unknown  ,TBD  ,N/A  ,N/A  ,N/A  ,N/A,N/A,N/A,N/A,N/A,N/A,N/A  ,25th Aug 20
495,SDK Spriter,WiiU,Unknown  ,TBD  ,N/A  ,N/A  ,N/A  ,N/A,N/A,N/A,N/A,N/A,N/A,N/A  ,25th Aug 20
496,Shadow Archery,WiiU,Ultra Dolphin Revolution  ,Ultra Dolphin Revolution  ,N/A  ,N/A  ,N/A  ,N/A,N/A,N/A,N/A,N/A,N/A,12th Apr 18  ,05th Oct 20
497,Shakedown: Hawaii,WiiU,Vblank Entertainment Inc.  ,Vblank Entertainment Inc.  ,N/A  ,N/A  ,N/A  ,N/A,N/A,N/A,N/A,N/A,N/A,20th Aug 20  ,16th Sep 20
498,Shantae: Risky's Revenge Director's Cut,WiiU,Way Forward  ,Way Forward Technologies  ,N/A  ,N/A  ,N/A  ,N/A,N/A,N/A,N/A,N/A,N/A,24th Mar 16  ,21st Apr 19
499,Shiny the Firefly,WiiU,Unknown  ,Padaone Games  ,N/A  ,N/A  ,N/A  ,N/A,N/A,N/A,N/A,N/A,N/A,N/A  ,05th Jan 18
500,Shockman,WiiU,Unknown  ,TBD  ,N/A  ,N/A  ,N/A  ,N/A,N/A,N/A,N/A,N/A,N/A,N/A  ,25th Aug 20
501,SHOOT THE BALL,WiiU,Unknown  ,RCMADIAX  ,N/A  ,N/A  ,N/A  ,N/A,N/A,N/A,N/A,N/A,N/A,N/A  ,25th Aug 20
502,Shovel Knight Showdown,WiiU,Unknown  ,Yacht Club Games  ,N/A  ,N/A  ,N/A  ,N/A,N/A,N/A,N/A,N/A,N/A,N/A  ,08th Dec 19
503,Shovel Knight: King of Cards,WiiU,Unknown  ,Yacht Club Games  ,N/A  ,N/A  ,N/A  ,N/A,N/A,N/A,N/A,N/A,N/A,N/A  ,08th Dec 19
504,Sinister Assistant,WiiU,Ultra Dolphin Revolution  ,Ultra Dolphin Revolution  ,N/A  ,N/A  ,N/A  ,N/A,N/A,N/A,N/A,N/A,N/A,14th Feb 19  ,27th Sep 20
505,Skeasy,WiiU,RCMADIAX  ,RCMADIAX  ,N/A  ,N/A  ,N/A  ,N/A,N/A,N/A,N/A,N/A,N/A,16th Jan 16  ,17th Jan 18
506,Sky Force Anniversary,WiiU,Infinite Dreams Inc.  ,Infinite Dreams Inc.  ,N/A  ,N/A  ,N/A  ,N/A,N/A,N/A,N/A,N/A,N/A,16th Mar 17  ,26th Nov 18
507,Snowball,WiiU,Unknown  ,TBD  ,N/A  ,N/A  ,N/A  ,N/A,N/A,N/A,N/A,N/A,N/A,N/A  ,25th Aug 20
508,SOLDIER BLADE,WiiU,Unknown  ,TBD  ,N/A  ,N/A  ,N/A  ,N/A,N/A,N/A,N/A,N/A,N/A,N/A  ,25th Aug 20
509,Space Hunted,WiiU,Unknown  ,TBD  ,N/A  ,N/A  ,N/A  ,N/A,N/A,N/A,N/A,N/A,N/A,N/A  ,25th Aug 20
510,Space Hunted: The Lost Levels,WiiU,Ultra Dolphin Revolution  ,Ultra Dolphin Revolution  ,N/A  ,N/A  ,N/A  ,N/A,N/A,N/A,N/A,N/A,N/A,13th Feb 20  ,20th Sep 20
511,Space Intervention,WiiU,IGOR GAFTON  ,VG && IG  ,N/A  ,N/A  ,N/A  ,N/A,N/A,N/A,N/A,N/A,N/A,17th Oct 19  ,20th Sep 20
512,Spellcaster's Assistant,WiiU,Ultra Dolphin Revolution  ,Ultra Dolphin Revolution  ,N/A  ,N/A  ,N/A  ,N/A,N/A,N/A,N/A,N/A,N/A,29th Mar 18  ,05th Oct 20
513,SPHERE SLICE,WiiU,RCMADIAX  ,RCMADIAX  ,N/A  ,N/A  ,N/A  ,N/A,N/A,N/A,N/A,N/A,N/A,01st Jun 17  ,17th Jan 18
514,Spheroids,WiiU,Unknown  ,Eclipse Games  ,N/A  ,N/A  ,N/A  ,N/A,N/A,N/A,N/A,N/A,N/A,N/A  ,25th Aug 20
515,Splashy Duck,WiiU,Unknown  ,RCMADIAX  ,N/A  ,N/A  ,N/A  ,N/A,N/A,N/A,N/A,N/A,N/A,N/A  ,06th Jan 18
516,Spy Chameleon - RGB Agent,WiiU,EnjoyUp Games  ,Unfinished Pixel  ,N/A  ,N/A  ,N/A  ,N/A,N/A,N/A,N/A,N/A,N/A,25th Dec 14  ,09th Aug 18
517,Star Fox 64,WiiU,Unknown  ,Nintendo  ,N/A  ,N/A  ,N/A  ,N/A,N/A,N/A,N/A,N/A,N/A,N/A  ,25th Aug 20
518,Star Splash: Shattered Star,WiiU,Unknown  ,TBD  ,N/A  ,N/A  ,N/A  ,N/A,N/A,N/A,N/A,N/A,N/A,N/A  ,25th Aug 20
519,Super Destronaut,WiiU,Unknown  , Petite Games	  ,N/A  ,N/A  ,N/A  ,N/A,N/A,N/A,N/A,N/A,N/A,N/A  ,05th Jul 18
520,SUPER ROBO MOUSE,WiiU,Unknown  ,RCMADIAX  ,N/A  ,N/A  ,N/A  ,N/A,N/A,N/A,N/A,N/A,N/A,N/A  ,17th Jan 18
521,Super Ultra Star Shooter,WiiU,Unknown  ,TBD  ,N/A  ,N/A  ,N/A  ,N/A,N/A,N/A,N/A,N/A,N/A,N/A  ,25th Aug 20
522,Tabletop Gallery,WiiU,Unknown  ,RCMADIAX  ,N/A  ,N/A  ,N/A  ,N/A,N/A,N/A,N/A,N/A,N/A,N/A  ,06th Jan 18
523,Teslapunk,WiiU,Unknown  ,TBD  ,N/A  ,N/A  ,N/A  ,N/A,N/A,N/A,N/A,N/A,N/A,N/A  ,25th Aug 20
524,The Gem Collector,WiiU,Unknown  ,TreeFall Studios  ,N/A  ,N/A  ,N/A  ,N/A,N/A,N/A,N/A,N/A,N/A,N/A  ,05th Jan 18
525,The Legend of Zelda: Majora's Mask,WiiU,Unknown  ,Nintendo  ,N/A  ,N/A  ,N/A  ,N/A,N/A,N/A,N/A,N/A,N/A,N/A  ,25th Aug 20
526,The Perplexing Orb,WiiU,Unknown  ,TreeFall Studios  ,N/A  ,N/A  ,N/A  ,N/A,N/A,N/A,N/A,N/A,N/A,N/A  ,05th Jan 18
527,Tomeling in Trouble,WiiU,Unknown  ,TBD  ,N/A  ,N/A  ,N/A  ,N/A,N/A,N/A,N/A,N/A,N/A,N/A  ,25th Aug 20
528,Toon War,WiiU,Unknown  ,TBD  ,N/A  ,N/A  ,N/A  ,N/A,N/A,N/A,N/A,N/A,N/A,N/A  ,25th Aug 20
529,TOSS N GO,WiiU,Unknown  ,RCMADIAX  ,N/A  ,N/A  ,N/A  ,N/A,N/A,N/A,N/A,N/A,N/A,N/A  ,05th Jan 18
530,Touch Selections,WiiU,Unknown  ,RCMADIAX  ,N/A  ,N/A  ,N/A  ,N/A,N/A,N/A,N/A,N/A,N/A,N/A  ,17th Jan 18
531,Use Your Words,WiiU,Unknown  ,"Smiling Buddha Games, LLC.  ",N/A  ,N/A  ,N/A  ,N/A,N/A,N/A,N/A,N/A,N/A,N/A  ,25th Aug 20
532,Vaccine,WiiU,Rainy Frog  ,Rainy Night Creations  ,N/A  ,N/A  ,N/A  ,N/A,N/A,N/A,N/A,N/A,N/A,31st May 17  ,05th Jan 18
533,VICTORY RUN,WiiU,Unknown  ,TBD  ,N/A  ,N/A  ,N/A  ,N/A,N/A,N/A,N/A,N/A,N/A,N/A  ,25th Aug 20
534,Vigilante,WiiU,Unknown  ,TBD  ,N/A  ,N/A  ,N/A  ,N/A,N/A,N/A,N/A,N/A,N/A,N/A  ,25th Aug 20
535,Volgarr the Viking,WiiU,Unknown  ,Crazy Viking Studios  ,N/A  ,N/A  ,N/A  ,N/A,N/A,N/A,N/A,N/A,N/A,N/A  ,25th Aug 20
536,VRog,WiiU,Unknown  ,TBD  ,N/A  ,N/A  ,N/A  ,N/A,N/A,N/A,N/A,N/A,N/A,N/A  ,25th Aug 20
537,Whispering Willows,WiiU,Akupara Games  ,Night Light Interactive  ,N/A  ,N/A  ,N/A  ,N/A,N/A,N/A,N/A,N/A,N/A,20th Jan 20  ,20th Sep 20
538,WinKings,WiiU,Unknown  ,TBD  ,N/A  ,N/A  ,N/A  ,N/A,N/A,N/A,N/A,N/A,N/A,N/A  ,25th Aug 20
539,Words Up! Academy,WiiU,Unknown  ,TBD  ,N/A  ,N/A  ,N/A  ,N/A,N/A,N/A,N/A,N/A,N/A,N/A  ,25th Aug 20
540,World Sports Competition,WiiU,Unknown  ,TBD  ,N/A  ,N/A  ,N/A  ,N/A,N/A,N/A,N/A,N/A,N/A,N/A  ,25th Aug 20
541,Y.A.S.G,WiiU,Unknown  ,TBD  ,N/A  ,N/A  ,N/A  ,N/A,N/A,N/A,N/A,N/A,N/A,N/A  ,25th Aug 20
542,Yakuza 1&2 HD for Wii U,WiiU,Sega  ,Sega  ,N/A  ,N/A  ,N/A  ,N/A,N/A,N/A,N/A,N/A,N/A,08th Aug 13  ,26th Aug 18
543,Year Walk,WiiU,Simogo  ,Simogo  ,N/A  ,N/A  ,N/A  ,N/A,N/A,N/A,N/A,N/A,N/A,17th Sep 15  ,05th Jan 18
544,Zombeer,WiiU,Unknown  ,Padaone Games  ,N/A  ,N/A  ,N/A  ,N/A,N/A,N/A,N/A,N/A,N/A,N/A  ,05th Jan 18
545,Zombie Brigade: No Brain No Gain,WiiU,Unknown  ,Cypron Studios  ,N/A  ,N/A  ,N/A  ,N/A,N/A,N/A,N/A,N/A,N/A,N/A  ,25th Aug 20
